"Run","Source","Vp","mean","H2","Va","CVa"
1,"Pooled",1.65930849781596,26.0683128836772,0.396,0.657086165135122,0.0310955495644484
2,"Pooled",0.196412517920759,27.0837988826816,0.396,0.0777793570966207,0.0102972817135308
3,"Pooled",3.22601973499848,26.225,0.396,1.2775038150594,0.0430988424490901
4,"Pooled",1.44340000818753,26.9632768361582,0.396,0.571586403242263,0.0280393714509102
5,"Pooled",2.02015885463586,25.55,0.396,0.799982906435799,0.0350065610706845
6,"Pooled",5.54357055315048,25.91,0.396,2.19525393904759,0.057184057769276
7,"Pooled",1.48388777994134,26.9042553191489,0.396,0.587619560856771,0.028492276247017
8,"Pooled",3.03287807530716,26.1775,0.396,1.20101971782163,0.0418645956089134
9,"Pooled",1.3448057708682,26.6765706540997,0.396,0.532543085263809,0.0273556712505458
10,"Pooled",1.45575852830476,26.386075902255,0.396,0.576480377208685,0.0287751407814571
11,"Pooled",0.924836558114987,27.3028571428571,0.396,0.366235277013535,0.0221652171616144
12,"Pooled",2.48263475821827,26.8388273761274,0.396,0.983123364254435,0.0369437070403466
13,"Pooled",0.981579166570604,26.6086956521739,0.396,0.388705349961959,0.023430776041046
14,"Pooled",2.25029933042336,26.58,0.396,0.891118534847651,0.0355150771009902
15,"Pooled",2.65876421183184,26.7566907765374,0.396,1.05287062788541,0.0383490937681079
16,"Pooled",12.3596701992126,25.3575,0.396,4.89442939888817,0.087245814207386
17,"Pooled",2.45649066745742,27.0168110329679,0.396,0.97277030431314,0.0365065730802746
18,"Pooled",7.10080671501303,26.3975,0.396,2.81191945914516,0.0635241174486276
19,"Pooled",0.856410088442095,26.6119800727504,0.396,0.33913839502307,0.0218832232347617
20,"Pooled",2.94279448072676,27.0853851506876,0.396,1.1653466143678,0.0398558929586709
21,"Pooled",1.77004856782954,26.4487026689426,0.396,0.700939232860498,0.0316545256623847
22,"Pooled",2.21481032467602,26.5318095956032,0.396,0.877064888571703,0.0352979099404839
23,"Pooled",3.1575521191063,26.015,0.396,1.2503906391661,0.0429832279165548
24,"Pooled",2.20936994545577,26.3699792109225,0.396,0.874910498400487,0.0354708851823948
25,"Pooled",3.47185253110883,26.0350838771853,0.396,1.3748536023191,0.0450369785495795
26,"Pooled",4.3665981553135,25.8375,0.396,1.72917286950415,0.0508942497675586
27,"Pooled",0.922551327704152,26.56,0.396,0.365330325770844,0.0227569885695987
28,"Pooled",3.44342369478802,25.4175,0.396,1.36359578313606,0.0459420100553107
29,"Pooled",5.52422836898491,26.285,0.396,2.18759443411803,0.056269806733461
30,"Pooled",2.74459619615827,26.1625,0.396,1.08686009367868,0.0398480964734438
31,"Pooled",4.37188512573282,26.2225,0.396,1.7312665097902,0.0501773671653543
32,"Pooled",3.1481750204457,26.8557421322977,0.396,1.2466773080965,0.041575728627018
33,"Pooled",2.0459972299127,26.2172070376102,0.396,0.81021490304543,0.0343331530842175
34,"Pooled",0.819774839095177,27.3048780487805,0.396,0.32463083628169,0.0208667418889741
35,"Pooled",3.37017390575149,25.9575,0.396,1.33458886667759,0.0445052132270204
36,"Pooled",3.47219139791025,26.5313974500134,0.396,1.37498779357246,0.0441966442708249
37,"Pooled",0.63415621385972,26.4829545454545,0.396,0.251125860688449,0.0189225335531288
38,"Pooled",1.92036634251089,25.965,0.396,0.760465071634311,0.0335854606119714
39,"Pooled",1.90809150793387,27.2453199582843,0.396,0.755604237141814,0.0319047451468519
40,"Pooled",1.24481377624477,26.7846617566763,0.396,0.492946255392928,0.0262128124137683
41,"Pooled",0.575144690383351,26.1749266299288,0.396,0.227757297391807,0.0182326870363854
42,"Pooled",3.29760593945142,25.7475,0.396,1.30585195202276,0.0443825145862992
43,"Pooled",3.79431746343516,26.3994404377646,0.396,1.50254971552032,0.0464322472788329
44,"Pooled",5.22919887908792,26.14,0.396,2.07076275611881,0.0550502872476943
45,"Pooled",0.946194282379907,27.2168388520087,0.396,0.374692935822443,0.0224905497228377
46,"Pooled",3.81851438338154,25.635,0.396,1.51213169581909,0.0479690907573852
47,"Pooled",0.660755268762155,26.93969770385,0.396,0.261659086429813,0.0189878237692122
48,"Pooled",1.09374019362603,25.7566458743816,0.396,0.43312111667591,0.0255514394984443
49,"Pooled",1.8921431825094,26.9221115401645,0.396,0.749288700273721,0.0321525537099422
50,"Pooled",1.18905426018746,25.9167085260017,0.396,0.470865487034235,0.026476988400008
51,"Pooled",1.93226276974538,25.7052249510433,0.396,0.76517605681917,0.0340297906393541
52,"Pooled",1.22376110852421,27.0728899673138,0.396,0.484609398975589,0.0257135061318413
53,"Pooled",4.00875573896107,26.23,0.396,1.58746727262858,0.0480345912812541
54,"Pooled",0.564218934525775,26.2443687987407,0.396,0.223430698072207,0.0180108947832818
55,"Pooled",1.90233689218857,27.0028248587571,0.396,0.753325409306674,0.0321426817678472
56,"Pooled",1.3334229822637,26.191121773103,0.396,0.528035500976427,0.0277445356931774
57,"Pooled",0.929210649850766,26.420621005614,0.396,0.367967417340903,0.0229594595577176
58,"Pooled",0.555635772014359,26.6724062719879,0.396,0.220031765717686,0.0175865436491028
59,"Pooled",1.67515830939071,26.3000110218297,0.396,0.663362690518723,0.0309684586555293
60,"Pooled",2.36914890835998,26.6781251527944,0.396,0.938182967710552,0.0363068412718157
61,"Pooled",3.99032390805504,26.1775,0.396,1.5801682675898,0.0480201486188159
62,"Pooled",0.434261554090397,27.1439776442311,0.396,0.171967575419797,0.0152774121522138
63,"Pooled",1.85774737116581,27.0675716572609,0.396,0.735667958981659,0.0316877662302638
64,"Pooled",3.64223468653675,26.1808586937419,0.396,1.44232493586855,0.0458719993347903
65,"Pooled",1.3850510938537,25.7745062373345,0.396,0.548480233166064,0.0287336062427279
66,"Pooled",3.0656947037932,27.016455021064,0.396,1.21401510270211,0.0407834238182816
67,"Pooled",1.11747193604591,28.12277972035,0.396,0.44251888667418,0.0236541670965511
68,"Pooled",0.331627427730034,27.4743221562187,0.396,0.131324461381094,0.0131900313497103
69,"Pooled",3.42675707799242,25.8330333728212,0.396,1.356995802885,0.0450934898420342
70,"Pooled",2.47068318931869,26.94678643438,0.396,0.978390542970201,0.0367070212057413
71,"Pooled",3.88125181063307,25.9125,0.396,1.5369757170107,0.0478436371416109
72,"Pooled",0.450195327119873,26.769453303999,0.396,0.17827734953947,0.0157727922266367
73,"Pooled",3.34909282053269,26.0975,0.396,1.32624075693094,0.0441278002713276
74,"Pooled",4.17273527972499,26.6651431728736,0.396,1.65240317077109,0.0482074422825209
75,"Pooled",0.716825281390876,26.3863150875032,0.396,0.283862811430787,0.0201918218433576
76,"Pooled",0.37545285010556,26.7897727272727,0.396,0.148679328641802,0.0143931637524225
77,"Pooled",0.959318424430732,26.9722081664377,0.396,0.37989009607457,0.0228513826599666
78,"Pooled",1.46550279677592,26.946062346253,0.396,0.580339107523266,0.0282712888904198
79,"Pooled",2.96239575359496,26.0225,0.396,1.1731087184236,0.0416217286949819
80,"Pooled",3.98733752693827,26.6683383951899,0.396,1.57898566066755,0.0471186822019479
81,"Pooled",0.608285075497128,26.8617647058823,0.396,0.240880889896863,0.0182711815459832
82,"Pooled",1.64518724688992,26.2581328036911,0.396,0.65149414976841,0.030739119240298
83,"Pooled",1.0645041213261,25.9763579768509,0.396,0.421543632045137,0.0249944166975278
84,"Pooled",1.20354637218022,26.2052023121387,0.396,0.476604363383366,0.0263445927929249
85,"Pooled",0.33346657704256,26.5595238095238,0.396,0.132052764508854,0.0136821221874341
86,"Pooled",6.72221159253908,26.4025,0.396,2.66199579064548,0.0617957533258203
87,"Pooled",5.48915880949443,24.9175,0.396,2.1737068885598,0.0591692444810769
88,"Pooled",1.51235658140508,26.7877224869636,0.396,0.59889320623641,0.0288894252783533
89,"Pooled",2.65180815907768,26.035,0.396,1.05011603099476,0.0393605412851944
90,"Pooled",8.49761075807861,26.3775,0.396,3.36505386019913,0.0695444342102323
91,"Pooled",4.79268097747302,26.175,0.396,1.89790166707932,0.0526320351325307
92,"Pooled",3.96774167792024,25.63,0.396,1.57122570445641,0.0489069614714992
93,"Pooled",0.663698292853166,26.4197758219122,0.396,0.262824523969854,0.0194045606933413
94,"Pooled",4.2148140458613,26.6857326437667,0.396,1.66906636216107,0.0484125180204084
95,"Pooled",3.19692405496992,26.5884402301229,0.396,1.26598192576809,0.0423175866186113
96,"Pooled",3.4181995254249,26.5751582234188,0.396,1.35360701206826,0.0437794638697265
97,"Pooled",4.02229229958352,26.255,0.396,1.59282775063508,0.0480698076275463
98,"Pooled",1.79695766026288,26.6675,0.396,0.7115952334641,0.0316325505996692
99,"Pooled",0.631927050190421,26.5941246202266,0.396,0.250243111875407,0.0188102846002412
100,"Pooled",5.06939590495479,25.5325,0.396,2.0074807783621,0.0554922529460697
101,"Pooled",3.57984927726107,26.3470633457073,0.396,1.41762031379538,0.0451905626190287
102,"Pooled",4.83066284910225,26.9047822618734,0.396,1.91294248824449,0.0514069070636482
103,"Pooled",1.16954558580444,27.1298071089787,0.396,0.463140051978557,0.0250847319180055
104,"Pooled",2.64103744073411,26.7754658509759,0.396,1.04585082653071,0.0381942368021501
105,"Pooled",3.24199868612816,27.1350866928417,0.396,1.28383147970675,0.0417563757311203
106,"Pooled",2.57111208428101,26.1407420267303,0.396,1.01816038537528,0.0386002561381483
107,"Pooled",7.48322720052151,25.8625,0.396,2.96335797140652,0.0665612631187288
108,"Pooled",0.984434681734974,26.1966445812127,0.396,0.38983613396705,0.0238339145417407
109,"Pooled",5.76353714559818,25.48,0.396,2.28236070965688,0.059291538221946
110,"Pooled",7.29582320674922,25.4525,0.396,2.88914598987269,0.0667812121399406
111,"Pooled",1.73345801010999,26.3478832478723,0.396,0.686449372003555,0.0314455015244675
112,"Pooled",3.03125781927065,26.7017782265039,0.396,1.20037809643118,0.0410316372469652
113,"Pooled",3.51622114945777,25.82,0.396,1.39242357518528,0.0457013938591403
114,"Pooled",1.84821979342298,26.9,0.396,0.731895038195499,0.0318032952776762
115,"Pooled",1.07164702184418,26.6583333333333,0.396,0.424372220650293,0.0244365830998398
116,"Pooled",1.9201928575803,26.048196775095,0.396,0.760396371601799,0.0334766779178071
117,"Pooled",6.66780303274535,26.2775,0.396,2.64045000096716,0.0618379280088135
118,"Pooled",0.311472743828198,26.1477020341662,0.396,0.123343206555967,0.0134314868113656
119,"Pooled",1.96814203448215,26.7670323230928,0.396,0.779384245654932,0.0329818937302594
120,"Pooled",1.9400004593253,27.3216374269006,0.396,0.768240181892818,0.0320805485417327
121,"Pooled",1.9917368234587,26.8161340259629,0.396,0.788727782089647,0.0331182516472264
122,"Pooled",0.534449062820534,26.6149425287356,0.396,0.211641828876932,0.0172852322873578
123,"Pooled",3.38838933206977,26.744473012759,0.396,1.34180217549963,0.0433121957359911
124,"Pooled",0.762829559259272,26.85,0.396,0.302080505466672,0.0204699630923078
125,"Pooled",0.248853286559807,26.840782122905,0.396,0.0985459014776835,0.0116956433575274
126,"Pooled",0.406446777786269,26.1891891891892,0.396,0.160952924003363,0.0153188929907345
127,"Pooled",2.73092222789778,26.045,0.396,1.08144520224752,0.0399280313050728
128,"Pooled",5.62731509852585,25.8575,0.396,2.22841677901624,0.0577313451258273
129,"Pooled",0.357700005489468,27.1708505175092,0.396,0.141649202173829,0.0138517241178999
130,"Pooled",2.41283233733019,26.0338256766291,0.396,0.955481605582757,0.0375468210558158
131,"Pooled",1.42503639334615,27.1436228001998,0.396,0.564314411765076,0.0276753268901818
132,"Pooled",2.39364321421155,26.3154239321877,0.396,0.947882712827773,0.0369970358726918
133,"Pooled",0.352146552916926,26.3324022346369,0.396,0.139450034955103,0.0141813910661102
134,"Pooled",5.01512355515997,26.3156054542024,0.396,1.98598892784335,0.053551919847382
135,"Pooled",1.60557099580019,26.7394263511342,0.396,0.635806114336874,0.0298201802369149
136,"Pooled",0.914329843327284,26.7823127700297,0.396,0.362074617957604,0.0224673040693794
137,"Pooled",0.891438419455718,26.7081167340836,0.396,0.353009614104464,0.0222459010405488
138,"Pooled",0.545124897301846,26.423633833365,0.396,0.215869459331531,0.0175834082416926
139,"Pooled",6.85804347991469,26.395,0.396,2.71578521804622,0.0624347020796294
140,"Pooled",6.48692686505595,26.0675,0.396,2.56882303856216,0.0614847924796807
141,"Pooled",2.57440187339635,26.6119950324207,0.396,1.01946314186495,0.0379409613312562
142,"Pooled",4.01796911528777,25.6275,0.396,1.59111576965396,0.0492203443624068
143,"Pooled",3.10332637642577,26.8497060588924,0.396,1.22891724506461,0.0412878039376583
144,"Pooled",3.60883691494488,25.7375,0.396,1.42909941831817,0.0464477693205465
145,"Pooled",4.32281425305178,26.0787426228512,0.396,1.71183444420851,0.0501700151438615
146,"Pooled",7.87506115552649,25.4625,0.396,3.11852421758849,0.0693543200872409
147,"Pooled",4.67583570736993,25.7225,0.396,1.85163094011849,0.0529010191196414
148,"Pooled",6.72720906531813,26.4156314223807,0.396,2.66397478986598,0.0617879887886815
149,"Pooled",3.07214491206956,26.3757445843036,0.396,1.21656938517955,0.041818043792756
150,"Pooled",3.22017236399153,26.475,0.396,1.27518825614065,0.0426531572127277
151,"Pooled",0.368262263668246,26.0151240159465,0.396,0.145831856412626,0.0146791294914022
152,"Pooled",0.189143678620576,26.5677963249665,0.396,0.0749008967337482,0.0103012037058901
153,"Pooled",6.27576178892084,25.6175,0.396,2.48520166841265,0.0615380986076729
154,"Pooled",2.72664331991831,26.1690863537373,0.396,1.07975075468765,0.0397075597278753
155,"Pooled",5.10237043805479,26.1425,0.396,2.0205386934697,0.0543733973194397
156,"Pooled",0.622050630647777,27.2101392378917,0.396,0.24633204973652,0.0182402042094525
157,"Pooled",3.58389694741999,26.0525,0.396,1.41922319117832,0.0457273406564268
158,"Pooled",6.16903894577818,26.0825,0.396,2.44293942252816,0.0599248744640328
159,"Pooled",4.31039418063241,26.7522413502042,0.396,1.70691609553043,0.0488366553476513
160,"Pooled",4.61022259645379,26.1425,0.396,1.8256481481957,0.0516846314516574
161,"Pooled",2.68032141227145,26.2575,0.396,1.06140727925949,0.0392362647867398
162,"Pooled",4.77279308445229,26.1375,0.396,1.89002606144311,0.0525980750610922
163,"Pooled",1.2451072232169,25.8727326522166,0.396,0.493062460393891,0.02713992657473
164,"Pooled",3.62818381843253,26.5749508215382,0.396,1.43676079209928,0.0451044887432597
165,"Pooled",2.82510442320465,26.6251643338631,0.396,1.11874135158904,0.0397257905537138
166,"Pooled",3.40255476913667,25.845,0.396,1.34741168857812,0.0449131606724287
167,"Pooled",3.65682906167251,25.8225,0.396,1.44810430842231,0.0466016867985205
168,"Pooled",3.77680239109222,26.7394575064498,0.396,1.49561374687252,0.0457358897343159
169,"Pooled",3.01582125786618,26.3888298922547,0.396,1.19426521811501,0.0414123864842018
170,"Pooled",2.82191519517476,26.0325,0.396,1.1174784172892,0.0406072608190567
171,"Pooled",0.904693659112549,26.3942857142857,0.396,0.35825868900857,0.0226771489482669
172,"Pooled",2.03415201576028,26.0761213113632,0.396,0.80552419824107,0.0344188458186566
173,"Pooled",2.63473413929588,25.925,0.396,1.04335471916117,0.0394000912189414
174,"Pooled",1.44708676729313,26.3529060648256,0.396,0.573046359848079,0.0287254185291851
175,"Pooled",1.14457842903278,27.210773583888,0.396,0.453253057896982,0.0247416969280483
176,"Pooled",2.08490974257527,26.3948553220085,0.396,0.825624258059806,0.0344248404817573
177,"Pooled",1.31532295103135,26.4630589890545,0.396,0.520867888608414,0.027272424438358
178,"Pooled",4.37853625838979,26.3285799518281,0.396,1.73390035832236,0.0500131987827589
179,"Pooled",4.16480318170434,26.13,0.396,1.64926205995492,0.0491479518932261
180,"Pooled",3.00393064175172,26.650290464627,0.396,1.18955653413368,0.0409251798483838
181,"Pooled",2.20035842879551,26.1714941533493,0.396,0.871341937803022,0.0356669350565024
182,"Pooled",2.77355437171716,26.3729197077899,0.396,1.0983275312,0.0397381571046859
183,"Pooled",1.82864941739033,26.3603182518653,0.396,0.724145169286571,0.0322821290787404
184,"Pooled",6.33779502511807,26.56,0.396,2.50976682994676,0.059647001590742
185,"Pooled",4.31601096972381,25.6875,0.396,1.70914034401063,0.0508940513501923
186,"Pooled",0.589441343885241,27.0837988826816,0.396,0.233418772178556,0.0178384990652519
187,"Pooled",1.47266930082787,26.7998100560629,0.396,0.583177043127836,0.0284949890099049
188,"Pooled",2.08754765129982,25.8266125074455,0.396,0.826668869914728,0.0352045133481738
189,"Pooled",1.87448133116053,27.0175,0.396,0.742294607139571,0.0318891536119868
190,"Pooled",1.92146478091375,26.7463083577905,0.396,0.760900053241846,0.032613691588053
191,"Pooled",4.41835829850836,25.815,0.396,1.74966988620931,0.0512396234112999
192,"Pooled",5.07822818735819,25.68,0.396,2.01097836219385,0.0552215610452116
193,"Pooled",0.484466070676923,25.9016853932584,0.396,0.191848563988061,0.0169102976640682
194,"Pooled",1.67702304328838,27.4510314610454,0.396,0.664101125142199,0.0296864619009874
195,"Pooled",4.63126761751818,26.4125,0.396,1.8339819765372,0.0512729164966255
196,"Pooled",5.63861773408853,25.615,0.396,2.23289262269906,0.058336391182859
197,"Pooled",8.44297546080431,25.82,0.396,3.34341828247851,0.0708172598593932
198,"Pooled",3.09295487712431,26.5803324757224,0.396,1.22481013134123,0.0416364770767644
199,"Pooled",1.02766933234929,25.820033641934,0.396,0.406957055610318,0.0247068561943526
200,"Pooled",6.51299588218679,26.245,0.396,2.57914636934597,0.0611915448588947
201,"Pooled",3.63265296652256,25.5725,0.396,1.43853057474293,0.0469014598965132
202,"Pooled",0.355117722053319,26.6936524996486,0.396,0.140626617933115,0.014048364390856
203,"Pooled",0.0936701247533718,27.2544378698225,0.396,0.0370933694023352,0.00706660657686107
204,"Pooled",2.91781246033305,25.6575,0.396,1.15545373429189,0.0418949756827248
205,"Pooled",1.89326192133411,26.8531073446328,0.396,0.749731720848308,0.0322447040403029
206,"Pooled",2.7487298790211,26.1583751737372,0.396,1.08849703209235,0.0398843813723915
207,"Pooled",1.24165145408173,25.928409429945,0.396,0.491693975816366,0.0270440398848387
208,"Pooled",3.63141787197966,26.1768760679398,0.396,1.43804147730395,0.0458108014149835
209,"Pooled",2.77215343356078,26.4975,0.396,1.09777275969007,0.0395413346541303
210,"Pooled",3.30520347027419,26.3175,0.396,1.30886057422858,0.0434712432975258
211,"Pooled",1.86097349239184,27.2804151597458,0.396,0.736945502987169,0.0314678239129055
212,"Pooled",3.44258942383854,25.8625,0.396,1.36326541184006,0.0451460444028623
213,"Pooled",0.815248911619818,26.2301587026053,0.396,0.322838569001448,0.0216616626765677
214,"Pooled",2.97233219766744,26.4122113880888,0.396,1.17704355027631,0.0410763174446942
215,"Pooled",3.49432913905931,27.1182534939864,0.396,1.38375433906749,0.0433778259424731
216,"Pooled",2.11207446594926,27.5328710134227,0.396,0.836381488515906,0.0332162580560287
217,"Pooled",1.03524171254622,27.593023255814,0.396,0.409955718168303,0.0232043382333422
218,"Pooled",5.00313294456183,26.1675,0.396,1.98124064604648,0.0537905991511619
219,"Pooled",0.442269040984528,26.3455056179775,0.396,0.175138540229873,0.0158848941380189
220,"Pooled",1.66888783928801,26.2208024210618,0.396,0.66087958435805,0.0310038187968409
221,"Pooled",1.02637499823082,25.8816029236637,0.396,0.406444499299406,0.0246325546615118
222,"Pooled",5.29077402061992,25.61,0.396,2.09514651216549,0.0565194101333823
223,"Pooled",4.01924108337373,26.2602224921377,0.396,1.591619469016,0.0480420156178269
224,"Pooled",2.74360909283541,26.425,0.396,1.08646920076282,0.039445159248979
225,"Pooled",8.15982555752618,25.6775,0.396,3.23129092078037,0.0700060046130704
226,"Pooled",4.56829805531375,26.4921444048522,0.396,1.80904602990425,0.0507700621448826
227,"Pooled",1.25660289738356,27.0598882920139,0.396,0.49761474736389,0.0260687748940653
228,"Pooled",3.89044565820374,25.9125,0.396,1.54061648064868,0.0479002692475739
229,"Pooled",3.22222021621709,26.2838737396551,0.396,1.27599920562197,0.0429769736107233
230,"Pooled",1.80020813199175,27.0329082276047,0.396,0.712882420268732,0.0312331784478086
231,"Pooled",4.50941184344428,26.0075,0.396,1.78572709000394,0.0513817552813623
232,"Pooled",5.46850859466155,26.06,0.396,2.16552940348597,0.0564686793778883
233,"Pooled",7.19502024764196,25.7275,0.396,2.84922801806622,0.0656093924715649
234,"Pooled",1.02201660897029,27.0331310790589,0.396,0.404718577152235,0.0235331584829267
235,"Pooled",2.31720090605636,26.7184344307803,0.396,0.917611558798317,0.0358524163144275
236,"Pooled",5.93304054324395,25.6475,0.396,2.3494840551246,0.0597642140471677
237,"Pooled",7.6503168441603,25.75,0.396,3.02952547028748,0.0675942993443618
238,"Pooled",3.93713962268825,27.2790055248619,0.396,1.55910729058455,0.0457730094898221
239,"Pooled",1.68942939998566,26.125,0.396,0.669014042394321,0.031308431999546
240,"Pooled",6.25227889945805,25.115,0.396,2.47590244418539,0.0626518041690193
241,"Pooled",2.43306258812557,26.3735502197227,0.396,0.963492784897726,0.0372182233703556
242,"Pooled",2.67675063774936,26.648788882144,0.396,1.05999325254875,0.038634391296159
243,"Pooled",3.53641952612592,26.3125,0.396,1.40042213234586,0.044974606238455
244,"Pooled",6.20387211575441,25.5925,0.396,2.45673335783874,0.061244388032091
245,"Pooled",3.16347660060544,25.975,0.396,1.25273673383976,0.0430897872632306
246,"Pooled",0.423414366429957,26.9826589595376,0.396,0.167672089106263,0.01517559205489
247,"Pooled",7.34180990566092,25.4125,0.396,2.90735672264172,0.0670967939632889
248,"Pooled",1.04142400344928,27.4749700117623,0.396,0.412403905365915,0.023373521963074
249,"Pooled",4.24816791256261,26.4,0.396,1.6822744933748,0.0491297442340329
250,"Pooled",2.1083249142043,26.6836134857902,0.396,0.834896666024903,0.0342429934021678
251,"Pooled",6.6877668767446,25.525,0.396,2.64835568319086,0.0637561971928423
252,"Pooled",1.20350597012623,26.2373572650045,0.396,0.476588364169986,0.0263118647736767
253,"Pooled",3.36395654264446,25.9625,0.396,1.33212679088721,0.0444555790825022
254,"Pooled",2.29995348457567,25.6025,0.396,0.910781579891965,0.0372756087361586
255,"Pooled",2.16568172353341,26.546818463935,0.396,0.857609962519229,0.0348844940649604
256,"Pooled",6.29723511695425,26.3125,0.396,2.49370510631388,0.0600150861857369
257,"Pooled",4.95744942950493,25.9875,0.396,1.96314997408395,0.0539153261801107
258,"Pooled",4.3304425685662,26.2325,0.396,1.71485525715221,0.0499199398123977
259,"Pooled",3.91747367995014,26.1401675506135,0.396,1.55131957726026,0.0476477359842073
260,"Pooled",1.65867537479903,26.4415649855514,0.396,0.656835448420416,0.0306507520942641
261,"Pooled",0.868886985560413,26.40625,0.396,0.344079246281924,0.022213782151913
262,"Pooled",7.24256483161853,24.99,0.396,2.86805567332094,0.0677684468791889
263,"Pooled",1.57161001092848,26.8009098346401,0.396,0.622357564327679,0.0294354343440839
264,"Pooled",5.89547998456969,25.785,0.396,2.3346100738896,0.0592570520048791
265,"Pooled",2.45476167374947,25.89,0.396,0.97208562280479,0.0380820404095288
266,"Pooled",1.20657340922159,26.3977900552486,0.396,0.477803070051751,0.0261852604182069
267,"Pooled",0.273029219805029,26.5963855421687,0.396,0.108119571042791,0.0123631613477974
268,"Pooled",5.95847942067342,26.65,0.396,2.35955785058667,0.0576392208426359
269,"Pooled",5.42321749237726,26.3475,0.396,2.14759412698139,0.0556207307841345
270,"Pooled",2.17036414940741,26.54,0.396,0.859464203165334,0.0349311575828161
271,"Pooled",3.91865915265087,26.9325,0.396,1.55178902444975,0.0462529747370489
272,"Pooled",4.17836320115619,25.995,0.396,1.65463182765785,0.0494835518685674
273,"Pooled",0.188497602285713,26.58220147321,0.396,0.0746450505051423,0.0102780224697454
274,"Pooled",0.595466930197864,26.8721590909091,0.396,0.235804904358354,0.0180706533438306
275,"Pooled",0.859205562791264,26.6518873701162,0.396,0.340245402865341,0.0218860891406267
276,"Pooled",2.51099876071438,27.170130659881,0.396,0.994355509242895,0.0367011028872184
277,"Pooled",2.36427797540649,25.645,0.396,0.93625407826097,0.0377306387766116
278,"Pooled",1.53363156810361,26.44,0.396,0.607318100969028,0.0294745146137347
279,"Pooled",2.66618151088838,26.2675,0.396,1.0558078783118,0.0391177357174816
280,"Pooled",4.10803710787273,25.965,0.396,1.6267826947176,0.0491220457203225
281,"Pooled",0.756466252284598,26.7793296089385,0.396,0.299560635904701,0.0204382012480927
282,"Pooled",0.400179758256921,27.0967749858308,0.396,0.158471184269741,0.0146912093269231
283,"Pooled",3.79866401092143,25.68,0.396,1.50427094832489,0.047760406517324
284,"Pooled",7.60300211876424,25.63,0.396,3.01078883903064,0.0677004479916505
285,"Pooled",7.23269481129925,25.94,0.396,2.8641471452745,0.0652420639000668
286,"Pooled",3.07822039224865,25.8098786737168,0.396,1.21897527533047,0.042777114420694
287,"Pooled",0.572565984598169,26.1315789473684,0.396,0.226736129900875,0.0182219442203607
288,"Pooled",3.31805977373767,25.9625,0.396,1.31395167040012,0.0441512685432746
289,"Pooled",3.52770643445504,25.6375,0.396,1.3969717480442,0.0461018271619563
290,"Pooled",7.30033115058043,25.315,0.396,2.89093113562985,0.0671646787029401
291,"Pooled",4.10225357831125,26.735,0.396,1.62449241701125,0.04767367766676
292,"Pooled",0.999246204241507,26.7837078651685,0.396,0.395701496879637,0.0234862212154467
293,"Pooled",3.52665929520187,25.975,0.396,1.39655708089994,0.045496060141418
294,"Pooled",4.43410235265054,26.0409820899084,0.396,1.75590453164961,0.0508853880728417
295,"Pooled",3.50949002263088,25.7803024212518,0.396,1.38975804896183,0.0457279351665672
296,"Pooled",6.2189807681699,25.775,0.396,2.46271638419528,0.0608847498300865
297,"Pooled",4.59530680063867,26.55,0.396,1.81974149305291,0.0508089621044038
298,"Pooled",2.25456059139407,27.2578693552543,0.396,0.892805994192051,0.0346646359071991
299,"Pooled",3.11129754642874,25.6594730045416,0.396,1.23207382838578,0.0432584180791834
300,"Pooled",4.17491636531023,25.8874539529551,0.396,1.65326688066285,0.0496686256966113
301,"Pooled",2.32694246920572,26.1906197562738,0.396,0.921469217805466,0.0366517436696787
302,"Pooled",0.784620931573118,26.5803571428571,0.396,0.310709888902955,0.020970883415751
303,"Pooled",4.69976397851752,26.2878211012482,0.396,1.86110653549294,0.051895658438985
304,"Pooled",4.11505116918055,25.7625,0.396,1.6295602629955,0.0495504049514572
305,"Pooled",2.04325352088277,26.5025,0.396,0.809128394269576,0.0339407846150593
306,"Pooled",4.97210646538964,26.1405140619452,0.396,1.9689541602943,0.0536789088006255
307,"Pooled",1.76355574683094,25.8722222222222,0.396,0.698368075745053,0.0323004413382874
308,"Pooled",2.43135813283277,26.2851476077085,0.396,0.962817820601778,0.0373303137258271
309,"Pooled",1.06800747599472,26.2620530740589,0.396,0.422930960493908,0.0247631600524443
310,"Pooled",2.6686350778989,26.4925,0.396,1.05677949084797,0.0388033521498661
311,"Pooled",2.43614495156064,26.3146734704914,0.396,0.964713400818014,0.0373251163593358
312,"Pooled",0.500268971320833,26.29,0.396,0.19810651264305,0.0169300714270199
313,"Pooled",3.23156067604259,26.3239647621006,0.396,1.27969802771286,0.0429736704973013
314,"Pooled",1.4863320905449,26.126823922892,0.396,0.588587507855779,0.029364249248797
315,"Pooled",1.34041044422241,27.1777777777778,0.396,0.530802535912075,0.0268072676992634
316,"Pooled",3.70246483021137,26.296816462866,0.396,1.4661760727637,0.0460457857747443
317,"Pooled",4.959014729837,26.2225,0.396,1.96376983301545,0.053440584313462
318,"Pooled",2.99404891360544,25.6,0.396,1.18564336978775,0.042534082901766
319,"Pooled",1.75865848338529,26.34,0.396,0.696428759420573,0.0316827286647943
320,"Pooled",1.15940566295456,26.8389830508475,0.396,0.459124642530004,0.025246387601338
321,"Pooled",5.21101869098987,26.4814612033338,0.396,2.06356340163199,0.0542459055345243
322,"Pooled",1.49764034887577,26.9318558622384,0.396,0.593065578154805,0.0285946692539877
323,"Pooled",6.79331433583399,26.575,0.396,2.69015247699026,0.0617184733568338
324,"Pooled",6.85104263830003,25.76,0.396,2.71301288476681,0.0639410950190607
325,"Pooled",3.46596731017642,26.4163373114256,0.396,1.37252305482986,0.0443493462812338
326,"Pooled",2.24685307891919,26.1727952801503,0.396,0.889753819251997,0.0360400033144978
327,"Pooled",3.71224003294329,25.920932432559,0.396,1.47004705304554,0.0467751294304877
328,"Pooled",1.39399469100868,26.6403110477391,0.396,0.552021897639435,0.0278893801194239
329,"Pooled",5.86619311983871,26.5751360025658,0.396,2.32301247545613,0.0573522255440054
330,"Pooled",6.31576635915403,26.8239840296326,0.396,2.501043478225,0.0589572664038249
331,"Pooled",2.62231645160304,26.1437722623968,0.396,1.0384373148348,0.0389782099931371
332,"Pooled",1.15173370235357,26.8638888888889,0.396,0.456086546132016,0.0251393907367078
333,"Pooled",0.530796119556489,26.3191768716975,0.396,0.21019526334437,0.0174196393756555
334,"Pooled",4.13037676809643,25.8275,0.396,1.63562920016619,0.0495176535987972
335,"Pooled",5.0410085327607,25.87,0.396,1.99623937897324,0.0546147412626244
336,"Pooled",4.89798357128791,26.3575,0.396,1.93960149423001,0.0528386897519421
337,"Pooled",4.64334492798773,26.2075,0.396,1.83876459148314,0.0517413161324543
338,"Pooled",4.32054721670403,25.5704799898143,0.396,1.7109366978148,0.0511538222947083
339,"Pooled",0.523812778663287,26.9022988505747,0.396,0.207429860350662,0.0169295823644227
340,"Pooled",3.41332896668933,26.2075,0.396,1.35167827080897,0.0443619953185325
341,"Pooled",2.71379653480816,26.3401096484142,0.396,1.07466342778403,0.039356698178632
342,"Pooled",2.25662372437413,26.1928582622799,0.396,0.893622994852157,0.0360906143566715
343,"Pooled",1.59061074035557,26.8737013514772,0.396,0.629881853180804,0.0295326257425146
344,"Pooled",3.26963447873234,25.79,0.396,1.29477525357801,0.0441210513951412
345,"Pooled",4.19327520593151,25.9775,0.396,1.66053698154888,0.0496051677443318
346,"Pooled",1.31100688789381,27.248466552564,0.396,0.519158727605949,0.0264428348704285
347,"Pooled",1.19466106841349,26.7219997762722,0.396,0.47308578309174,0.0257395525230998
348,"Pooled",1.80269575611275,25.891061452514,0.396,0.713867519420648,0.0326331468733443
349,"Pooled",1.1150319372571,26.7957945533195,0.396,0.441552647153813,0.0247984540233032
350,"Pooled",3.00777276348464,26.26,0.396,1.19107801433992,0.0415599850218816
351,"Pooled",4.22058741420481,26.3475,0.396,1.6713526160251,0.0490675789071834
352,"Pooled",4.12750539891932,26.5825,0.396,1.63449213797205,0.0480945200813562
353,"Pooled",1.97114775121457,26.4504710949551,0.396,0.78057450948097,0.0334020999300014
354,"Pooled",2.82727379423571,27.038343883803,0.396,1.11960042251734,0.039133747596245
355,"Pooled",3.86832761283173,26.08,0.396,1.53185773468137,0.0474571474160303
356,"Pooled",2.16539614647086,26.7741235515083,0.396,0.857496874002462,0.0345860535531474
357,"Pooled",5.7395585731426,25.765,0.396,2.27286519496447,0.0585135829934386
358,"Pooled",1.45168787492635,26.0285714285714,0.396,0.574868398470836,0.0291295573420749
359,"Pooled",3.39435470687872,26.6610729943848,0.396,1.34416446392397,0.0434859118226622
360,"Pooled",0.833756922014851,26.1814491689605,0.396,0.330167741117881,0.0219469228880427
361,"Pooled",5.0374284385854,26.8510004089272,0.396,1.99482166167982,0.0526007051946207
362,"Pooled",1.59220302339473,26.6346153846154,0.396,0.630512397264314,0.0298126365327494
363,"Pooled",2.95844543277353,26.4267353562058,0.396,1.17154439137832,0.0409577281411514
364,"Pooled",2.41222762830827,26.3826639426572,0.396,0.955242140810077,0.0370457243655514
365,"Pooled",2.11025536924396,26.23,0.396,0.835661126220609,0.0348511256088506
366,"Pooled",1.09678397917654,26.8279483083344,0.396,0.434326455753911,0.0245652213115846
367,"Pooled",4.53941122724053,26.7507916052767,0.396,1.79760684598725,0.0501199603286529
368,"Pooled",0.866714207861317,26.7701834829509,0.396,0.343218826313082,0.0218843777735448
369,"Pooled",7.37168473389854,25.645,0.396,2.91918715462382,0.0666236261111662
370,"Pooled",4.67736890931849,26.3225,0.396,1.85223808809012,0.0517036580771709
371,"Pooled",2.53574708380417,25.8075,0.396,1.00415584518645,0.0388288585948443
372,"Pooled",0.0353718468026493,26.3786960912038,0.396,0.0140072513338491,0.00448665975620092
373,"Pooled",0.935450629221867,26.957809341116,0.396,0.370438449171859,0.0225773742080277
374,"Pooled",0.598141282564382,27.1796545051339,0.396,0.236863947895495,0.0179062873648529
375,"Pooled",2.28431054763101,26.175,0.396,0.904586976861881,0.0363361136430462
376,"Pooled",4.25328425499372,26.2046903827253,0.396,1.68430056497751,0.0495257161734
377,"Pooled",3.3734890802067,26.41,0.396,1.33590167576185,0.0437641850900894
378,"Pooled",2.2742000598013,26.34,0.396,0.900583223681314,0.0360284978791886
379,"Pooled",1.24326826885028,26.5345006650315,0.396,0.492334234464712,0.0264435098382071
380,"Pooled",1.27330521183355,26.8222222222222,0.396,0.504228863886086,0.0264739713784189
381,"Pooled",1.06523094237211,26.955,0.396,0.421831453179357,0.0240951782457823
382,"Pooled",1.32023004699397,25.53,0.396,0.522811098609613,0.0283218477918558
383,"Pooled",3.67845837807925,26.3475,0.396,1.45666951771938,0.0458079759801864
384,"Pooled",2.5268292088823,26.06,0.396,1.00062436671739,0.0383849629564343
385,"Pooled",1.7572385432999,27.056919277167,0.396,0.695866463146762,0.0308307867453218
386,"Pooled",3.69080159151273,26.2200059606133,0.396,1.46155743023904,0.0461078802429111
387,"Pooled",8.23895260701017,25.915,0.396,3.26262523237603,0.0696999364497542
388,"Pooled",5.81848116028321,26.3568318851299,0.396,2.30411853947215,0.0575916077607997
389,"Pooled",0.588123388641235,25.7816091954023,0.396,0.232896861901929,0.0187185324838112
390,"Pooled",3.35317112728033,26.5063364482134,0.396,1.32785576640301,0.043473614075548
391,"Pooled",2.57052495055058,25.8790590558525,0.396,1.01792788041803,0.0389861207113613
392,"Pooled",1.24698825161652,27.3390804597701,0.396,0.493807347640143,0.0257036542515184
393,"Pooled",4.84232478421116,26.0575,0.396,1.91756061454762,0.0531424783223365
394,"Pooled",1.00194831382193,27.1207256962318,0.396,0.396771532273486,0.0232257071691356
395,"Pooled",5.06952529242129,25.89,0.396,2.00753201579883,0.0547266909855345
396,"Pooled",5.19510272024131,25.99,0.396,2.05726067721556,0.0551872029116456
397,"Pooled",1.94044950797726,25.8864843532246,0.396,0.768418005158995,0.0338630204889266
398,"Pooled",0.873388030167435,27.0105824135158,0.396,0.345861659946304,0.0217729493374362
399,"Pooled",0.758338645259923,26.6054386701061,0.396,0.30030210352293,0.0205972273725638
400,"Pooled",4.0895787160146,26.3675,0.396,1.61947317154178,0.0482634012152525
401,"Pooled",6.40948322893985,26.515,0.396,2.53815535866018,0.0600851942101871
402,"Pooled",4.42488068651024,25.6275,0.396,1.75225275185806,0.0516525935756129
403,"Pooled",0.561748645806931,27.0294626585893,0.396,0.222452463739544,0.0174494281123284
404,"Pooled",3.52511572509961,25.8909302931187,0.396,1.39594582713944,0.045633799188968
405,"Pooled",1.83801773367431,27.3943717786438,0.396,0.727855022535028,0.0311430466398983
406,"Pooled",1.24642516988936,26.8805131856769,0.396,0.493584367276187,0.0261362419843658
407,"Pooled",3.76753561051679,26.6013162116633,0.396,1.49194410176465,0.0459169624306228
408,"Pooled",3.19901719215082,26.5930211674971,0.396,1.26681080809173,0.0423241456974732
409,"Pooled",2.62936865711233,26.5992703196217,0.396,1.04122998821648,0.038362209323654
410,"Pooled",1.62584993795126,26.3367660047315,0.396,0.643836575428699,0.0304666972644984
411,"Pooled",5.46021468569345,25.435,0.396,2.16224501553461,0.0578123615926979
412,"Pooled",5.48517267713651,25.695,0.396,2.17212838014606,0.05735801628744
413,"Pooled",5.94550008668903,26.2325,0.396,2.35441803432886,0.0584927589419461
414,"Pooled",0.842804935266694,26.6862488774766,0.396,0.333750754365611,0.0216482899473236
415,"Pooled",4.66650340824422,26.2275,0.396,1.84793534966471,0.0518306303855324
416,"Pooled",1.511723840527,26.3462625593166,0.396,0.598642640848691,0.0293673533329611
417,"Pooled",1.45051647130092,26.6864975514411,0.396,0.574404522635163,0.0283999350265988
418,"Pooled",4.11835532307661,26.1234537187284,0.396,1.63086870793834,0.0488853699896979
419,"Pooled",1.05245941497061,26.7371428571429,0.396,0.416773928328362,0.024145448412224
420,"Pooled",0.926568761646811,26.2141172294794,0.396,0.366921229612137,0.0231074053526364
421,"Pooled",3.68532126798968,26.8265679521882,0.396,1.45938722212391,0.0450318879258485
422,"Pooled",3.58873116091864,26.15,0.396,1.42113753972378,0.0455875615409265
423,"Pooled",1.18290370248492,26.0227116637259,0.396,0.46842986618403,0.0263008472411168
424,"Pooled",3.88891168914421,25.4925,0.396,1.54000902890111,0.0486798471096079
425,"Pooled",2.89279868435559,25.8425,0.396,1.14554827900481,0.0414163835249604
426,"Pooled",2.60997950712012,26.1733209284463,0.396,1.03355188481957,0.0388425122415439
427,"Pooled",9.86001534366013,25.6425,0.396,3.90456607608941,0.0770594711470187
428,"Pooled",5.41065658083718,26.1058412775105,0.396,2.14262000601152,0.056070558844241
429,"Pooled",6.95434534350754,26.01,0.396,2.75392075602899,0.0638021578832172
430,"Pooled",4.26475486611757,26.166893341856,0.396,1.68884292698256,0.0496640880802792
431,"Pooled",4.49467641113802,25.8766627116212,0.396,1.77989185881066,0.0515571073843986
432,"Pooled",4.02130806203549,26.58,0.396,1.59243799256605,0.0474762369425657
433,"Pooled",5.50808789880421,26.1401509018369,0.396,2.18120280792647,0.0564988923576242
434,"Pooled",1.58851144287642,26.3457142857143,0.396,0.629050531379063,0.0301045950086994
435,"Pooled",3.03793859709591,26.55,0.396,1.20302368444998,0.0413116521106495
436,"Pooled",1.45334638399114,26.1944444444444,0.396,0.575525168060491,0.0289616278194338
437,"Pooled",2.14805014763126,26.802220000229,0.396,0.850627858461979,0.0344111378432346
438,"Pooled",2.63602428755224,26.2979163000523,0.396,1.04386561787069,0.0388508887267896
439,"Pooled",3.76771773545355,25.525,0.396,1.49201622323961,0.0478543059585727
440,"Pooled",3.47024947606431,26.0530391391144,0.396,1.37421879252147,0.0449955484418109
441,"Pooled",5.28359854749674,25.705,0.396,2.09230502480871,0.0562723290913815
442,"Pooled",1.88581611403946,26.9751863793417,0.396,0.746783181159626,0.0320355961463073
443,"Pooled",5.61457948367669,25.4375,0.396,2.22337347553597,0.0586181062251227
444,"Pooled",2.06368433643294,26.9460846308458,0.396,0.817218997227443,0.033548534792405
445,"Pooled",0.951333248137047,26.0475,0.396,0.376727966262271,0.023563938676434
446,"Pooled",4.61703875634602,25.39,0.396,1.82834734751302,0.053255768016479
447,"Pooled",1.51924286409324,26.7848043992883,0.396,0.601620174180923,0.02895827688581
448,"Pooled",2.94614706271831,25.4910634831719,0.396,1.16667423683645,0.0423727693726739
449,"Pooled",6.44995626419874,26.055,0.396,2.5541826806227,0.0613387470262103
450,"Pooled",0.739189587753132,27.378350150196,0.396,0.29271907675024,0.0197614241533541
451,"Pooled",0.898271940563749,25.9636747700811,0.396,0.355715688463245,0.022971288143588
452,"Pooled",4.54498936432432,26.78,0.396,1.79981578827243,0.0500960467918528
453,"Pooled",3.50586042558905,26.75,0.396,1.38832072853326,0.0440474851325781
454,"Pooled",1.11468480517909,26.7975,0.396,0.44141518285092,0.0247930156140432
455,"Pooled",4.25354625762329,26.3012745929044,0.396,1.68440431801882,0.0493453663464883
456,"Pooled",2.66136867509941,26.3637043963446,0.396,1.05390199533936,0.0389397967116024
457,"Pooled",4.10629025196091,25.5,0.396,1.62609093977652,0.0500071650348968
458,"Pooled",0.245248100006156,26.5027472527473,0.396,0.097118247602438,0.011758705780261
459,"Pooled",0.207920644522542,26.6030046975111,0.396,0.0823365752309265,0.0107861314373165
460,"Pooled",3.03395801225325,25.985047819286,0.396,1.20144737285229,0.0421821639832691
461,"Pooled",3.26072862462997,26.7146591344319,0.396,1.29124853535347,0.0425358664527769
462,"Pooled",0.599868932408292,26.5413059956089,0.396,0.237548097233684,0.0183634166888221
463,"Pooled",5.03208515562294,26.8137175946168,0.396,1.99270572162668,0.052645899802075
464,"Pooled",3.78972536302819,25.695,0.396,1.50073124375917,0.0476763325173043
465,"Pooled",3.73719484985194,26.4959064824458,0.396,1.47992916054137,0.045913635439462
466,"Pooled",1.39559832719118,26.5553948397409,0.396,0.552656937567706,0.0279946505028044
467,"Pooled",2.36421828554046,26.8414673644992,0.396,0.936230441074024,0.0360483279062082
468,"Pooled",4.07308475753127,26.545,0.396,1.61294156398238,0.047843901437829
469,"Pooled",0.631757176518211,25.7962604339443,0.396,0.250175841901211,0.0193894697362236
470,"Pooled",3.67651166728631,26.8361755368479,0.396,1.45589862024538,0.0449619298064686
471,"Pooled",3.23465560516721,26.875,0.396,1.28092361964622,0.0421127055762771
472,"Pooled",3.76113182968952,25.88,0.396,1.48940820455705,0.0471566123894928
473,"Pooled",2.49628344233504,26.2852739870159,0.396,0.988528243164676,0.0378252696504055
474,"Pooled",0.876013614156813,26.8428571428571,0.396,0.346901391206098,0.0219419024880619
475,"Pooled",2.77757015026731,25.6775,0.396,1.09991777950586,0.0408439158934885
476,"Pooled",1.81319229699966,26.0118503544072,0.396,0.718024149611865,0.0325760391901545
477,"Pooled",2.12874436733465,25.2609747202358,0.396,0.842982769464522,0.0363462194679601
478,"Pooled",3.31588112564456,26.6075,0.396,1.31308892575525,0.0430668391688272
479,"Pooled",6.33099802638317,26.0575,0.396,2.50707521844774,0.0607646408845229
480,"Pooled",1.41171311110857,26.7649950358456,0.396,0.559038391998992,0.0279353199552607
481,"Pooled",1.70458020786338,26.4197130818435,0.396,0.675013762313898,0.0310976962220381
482,"Pooled",3.6432449237919,26.0448141532919,0.396,1.44272498982159,0.0461180052471563
483,"Pooled",4.25238685000143,25.9475,0.396,1.68394519260057,0.0500113359028881
484,"Pooled",1.1689298186283,26.927783110463,0.396,0.462896208176808,0.0252662745511269
485,"Pooled",3.29510351485359,26.07,0.396,1.30486099188202,0.0438168439608327
486,"Pooled",3.11029751238358,25.915,0.396,1.2316778149039,0.042824997501043
487,"Pooled",3.52359419739833,26.1806899732697,0.396,1.39534330216974,0.0451189981915978
488,"Pooled",6.82679758511828,25.75,0.396,2.70341184370684,0.0638526421640553
489,"Pooled",5.04254490994107,26.19,0.396,1.99684778433666,0.0539556566001237
490,"Pooled",2.51162270041565,25.82,0.396,0.994602589364596,0.0386250055505994
491,"Pooled",2.24353730411431,26.175,0.396,0.888440772429267,0.0360103672199562
492,"Pooled",1.69208942385277,26.148571224893,0.396,0.670067411845698,0.0313048253172204
493,"Pooled",2.39638722680268,26.0575,0.396,0.948969341813861,0.0373846521925661
494,"Pooled",4.87024904069116,25.7775,0.396,1.9286186201137,0.0538743920260705
495,"Pooled",6.40171622689429,26.2625,0.396,2.53507962585014,0.0606261147296516
496,"Pooled",2.04413008776371,26.2212898940959,0.396,0.809475514754428,0.0343121400876298
497,"Pooled",2.2134899114208,27.0164365374306,0.396,0.876542004922635,0.0346543934053318
498,"Pooled",3.40701901390894,26.6975,0.396,1.34917952950794,0.0435075147829062
499,"Pooled",2.61873171478663,26.5191577465224,0.396,1.0370177590555,0.0384001897354055
500,"Pooled",1.25413383952529,26.714668040522,0.396,0.496637000452016,0.0263796940400634
501,"Pooled",0.867660281422859,26.7529449222727,0.396,0.343593471443452,0.0219104277484153
502,"Pooled",3.24342482259462,26.015,0.396,1.28439622974747,0.0435637925021668
503,"Pooled",2.1840990425873,26.04,0.396,0.864903220864572,0.0357143522137484
504,"Pooled",1.49890206040246,26.215,0.396,0.593565215919375,0.0293889695707059
505,"Pooled",2.14150016768707,26.1365040783901,0.396,0.848034066404079,0.0352337729860655
506,"Pooled",2.38576601295668,26.4433953645754,0.396,0.944763341130846,0.0367573588622328
507,"Pooled",3.13522593605756,26.663135243274,0.396,1.24154947067879,0.0417898487205704
508,"Pooled",5.5720311979077,25.3244691195986,0.396,2.20652435437145,0.0586562119669176
509,"Pooled",1.89080562160132,26.5224603636858,0.396,0.748759026154123,0.0326255037697615
510,"Pooled",5.98075029108417,26.035,0.396,2.36837711526933,0.059110937319521
511,"Pooled",6.6240600571515,26.1825,0.396,2.62312778263199,0.0618583898680438
512,"Pooled",3.39599093983413,26.8703946336799,0.396,1.34481241217432,0.0431575527121692
513,"Pooled",5.42659520916992,26.435,0.396,2.14893170283129,0.0554538868275937
514,"Pooled",1.46234417578999,26.8818703841078,0.396,0.579088293612835,0.0283082426832026
515,"Pooled",2.09673074452921,26.1800712635735,0.396,0.830305374833567,0.0348055178895818
516,"Pooled",3.67796622269315,25.8025,0.396,1.45647462418649,0.0467724020841824
517,"Pooled",4.27981473652391,26.0925,0.396,1.69480663566347,0.0498935477008741
518,"Pooled",1.36975859412005,26.6436464088398,0.396,0.54242440327154,0.0276424128154386
519,"Pooled",1.30783129674211,26.59375,0.396,0.517901193509876,0.0270610020489288
520,"Pooled",5.08501107655344,25.5925,0.396,2.01366438631516,0.0554473548429783
521,"Pooled",6.66963751941669,25.97,0.396,2.64117645768901,0.0625787320150583
522,"Pooled",6.69642150001888,26.05,0.396,2.65178291400748,0.0625116923307571
523,"Pooled",0.521505785460088,26.9558011049724,0.396,0.206516291042195,0.016858732321242
524,"Pooled",3.47441382385255,26.4522955034758,0.396,1.37586787424561,0.0443429926241264
525,"Pooled",1.07694076289731,26.2382352941176,0.396,0.426468542107334,0.0248890819938289
526,"Pooled",1.45649698316255,26.8189298124848,0.396,0.576772805332371,0.0283178934919949
527,"Pooled",1.32179702599959,27.1356848436835,0.396,0.523431622295839,0.0266617831291242
528,"Pooled",2.05382443193658,25.6594953692533,0.396,0.813314475046887,0.0351464236607611
529,"Pooled",1.25188013205031,26.4788250606662,0.396,0.495744532291923,0.0265907297475697
530,"Pooled",1.95628401134067,26.7725943865179,0.396,0.774688468490907,0.0328755545534303
531,"Pooled",3.48920680648788,27.006135471038,0.396,1.3817258953692,0.0435259748298648
532,"Pooled",1.846155996635,26.0954903327968,0.396,0.731077774667459,0.032765464488975
533,"Pooled",1.70311701763882,26.2051216862199,0.396,0.674434338984974,0.0313388933510121
534,"Pooled",1.38082916802932,26.5068837378817,0.396,0.546808350539612,0.0278970895095283
535,"Pooled",0.820188446599921,26.7774566473988,0.396,0.324794624853569,0.0212831101052437
536,"Pooled",1.66345788311849,26.6256983240223,0.396,0.658729321714924,0.0304826339345851
537,"Pooled",3.38648084575177,25.7423719314744,0.396,1.3410464149177,0.0449855820419671
538,"Pooled",0.25616416363891,27.0414364640884,0.396,0.101441008801008,0.0117781483949627
539,"Pooled",1.26532094698032,25.6685714285714,0.396,0.501067095004205,0.027576950712301
540,"Pooled",4.5776444736755,26.0125,0.396,1.8127472115755,0.0517590777790464
541,"Pooled",3.35854315609507,25.71,0.396,1.32998308981365,0.0448560454277787
542,"Pooled",1.49626272903946,26.3508771929825,0.396,0.592520040699627,0.0292116739796901
543,"Pooled",0.159728055190945,25.9114157546477,0.396,0.0632523098556143,0.00970615119523548
544,"Pooled",4.11488765133609,26.16,0.396,1.62949550992909,0.0487965192901613
545,"Pooled",0.197708349807652,27.1387283236994,0.396,0.0782925065238301,0.0103102834512107
546,"Pooled",4.09342377337135,26.5517086910614,0.396,1.62099581425506,0.0479510887090689
547,"Pooled",3.68970626666549,25.6942119647243,0.396,1.46112368159953,0.0470444274508141
548,"Pooled",3.04824445720842,25.0325,0.396,1.20710480505453,0.0438902712134145
549,"Pooled",0.906513498213,26.9505494505494,0.396,0.358979345292348,0.0222314150513715
550,"Pooled",3.82906756443343,26.13,0.396,1.51631075551564,0.047125361860742
551,"Pooled",1.92426204522561,26.5718893853246,0.396,0.762007769909341,0.0328516558058208
552,"Pooled",3.85160486938542,26.225,0.396,1.52523552827663,0.0470926315520616
553,"Pooled",0.865220923605021,25.7228260869565,0.396,0.342627485747588,0.0227558162485089
554,"Pooled",6.80148830333652,25.4225,0.396,2.69338936812126,0.0645552124504863
555,"Pooled",4.30799881693164,25.91,0.396,1.70596753150493,0.0504101474386868
556,"Pooled",0.295279329589884,26.30719916977,0.396,0.116930614517594,0.0129983882025986
557,"Pooled",4.65389084759352,25.6125,0.396,1.84294077564703,0.0530033986583513
558,"Pooled",7.46094475522115,26.335,0.396,2.95453412306758,0.0652696347520551
559,"Pooled",1.54812231068641,26.2367263579185,0.396,0.613056435031817,0.0298428696493496
560,"Pooled",1.92111804447022,26.866874370665,0.396,0.760762745610207,0.0324644069711389
561,"Pooled",2.13959313244855,26.2771739130435,0.396,0.847278880449626,0.0350295481368391
562,"Pooled",2.36759212866177,26.2776519065548,0.396,0.937566482950062,0.0368480475742001
563,"Pooled",5.76538342207945,25.535,0.396,2.28309183514346,0.0591733052329432
564,"Pooled",0.219293981162978,27.0092916816312,0.396,0.0868404165405392,0.0109105778886296
565,"Pooled",4.13739390639202,26.4756390079641,0.396,1.63840798693124,0.0483464485788682
566,"Pooled",0.824365604329078,26.8349606737935,0.396,0.326448779314315,0.0212915148292171
567,"Pooled",0.267714328818422,26.9104046242775,0.396,0.106014874212095,0.0120993815795919
568,"Pooled",4.50570558712673,25.58,0.396,1.78425941250218,0.0522189888557318
569,"Pooled",1.79946477159277,26.2263994583251,0.396,0.712588049550738,0.0321870070876265
570,"Pooled",1.01081491475082,26.6754385964912,0.396,0.400282706241326,0.0237176603179954
571,"Pooled",2.5288368155841,26.0679319811043,0.396,1.0014193789713,0.0383885242051425
572,"Pooled",2.15117715865049,26.0509720745529,0.396,0.851866154825594,0.0354292328423543
573,"Pooled",1.03469555135684,26.682631682087,0.396,0.409739438337309,0.0239897223991275
574,"Pooled",1.02183428016561,26.8799067396142,0.396,0.404646374945581,0.0236651940229442
575,"Pooled",0.981983662898096,26.6846357577907,0.396,0.388865530507646,0.0233689094155646
576,"Pooled",5.21836720893097,26.0750922307809,0.396,2.06647341473666,0.0551301352545457
577,"Pooled",3.4411113439867,26.3525,0.396,1.36268009221873,0.0442970835205274
578,"Pooled",5.38077426363397,26.66,0.396,2.13078660839905,0.0547532413598596
579,"Pooled",2.89863894054434,25.7575,0.396,1.14786102045556,0.0415949824690879
580,"Pooled",5.92616948657469,25.9125,0.396,2.34676311668358,0.0591187593998375
581,"Pooled",1.39445219838916,26.0475,0.396,0.552203070562106,0.0285287906389513
582,"Pooled",0.0460580070962052,26.1602209944751,0.396,0.0182389708100972,0.00516248443990863
583,"Pooled",3.22348183806204,26.2984528582218,0.396,1.27649880787257,0.0429615564651129
584,"Pooled",3.2868925045727,25.5,0.396,1.30160943181079,0.0447404309540522
585,"Pooled",4.31558161316839,26.1275,0.396,1.70897031881468,0.050034481497843
586,"Pooled",7.47751815022261,25.51,0.396,2.96109718748816,0.0674552680322416
587,"Pooled",4.28440941407793,26.0075,0.396,1.69662612797486,0.0500834765972718
588,"Pooled",4.19400095679483,26.1725,0.396,1.66082437889075,0.0492398415901343
589,"Pooled",1.37497962524919,26.42,0.396,0.544491931598681,0.0279294839301793
590,"Pooled",3.74865634299472,26.8125,0.396,1.48446791182591,0.0454410227585372
591,"Pooled",2.92929329566989,25.6764756313479,0.396,1.16000014508528,0.0419462952877426
592,"Pooled",4.26166424085883,26.4060773480663,0.396,1.6876190393801,0.0491963992237019
593,"Pooled",2.80371281993187,25.8967649528207,0.396,1.11027027669302,0.0406882341110922
594,"Pooled",4.72089579836996,26.2325,0.396,1.86947473615451,0.052121885605506
595,"Pooled",1.81100292918194,26.8501072253267,0.396,0.717157159956048,0.0315399604902294
596,"Pooled",1.27662725545942,26.3055414543007,0.396,0.505544393161931,0.0270291509464777
597,"Pooled",4.12319859063,26.5141167783845,0.396,1.63278664188948,0.0481933986832158
598,"Pooled",4.74847233457442,26.25,0.396,1.88039504449147,0.0522390464920668
599,"Pooled",3.96465722109602,26.419607933614,0.396,1.57000425955403,0.0474268244823538
600,"Pooled",6.33700630091277,25.3325,0.396,2.50945449516146,0.0625333379105895
601,"Pooled",0.511721306366962,27.0320978698426,0.396,0.202641637321317,0.0166526974510027
602,"Pooled",4.98408061210753,26.45,0.396,1.97369592239458,0.0531146648639252
603,"Pooled",5.09027829369795,26.3829056953697,0.396,2.01575020430439,0.0538140565961928
604,"Pooled",2.90176011336655,26.4506749238465,0.396,1.14909700489315,0.0405267323515317
605,"Pooled",2.26356141530847,26.630634433698,0.396,0.896370320462153,0.035551851332792
606,"Pooled",5.9313180855276,25.6125,0.396,2.34880196186893,0.0598371953111893
607,"Pooled",3.47878305364845,26.4266133178813,0.396,1.37759808924479,0.0444139864609776
608,"Pooled",4.19726283892074,26.2844200332556,0.396,1.66211608421261,0.0490492394140329
609,"Pooled",3.03183250896549,26.2033982643182,0.396,1.20060567355034,0.041816008747095
610,"Pooled",2.51974849828208,26.1725,0.396,0.997820405319704,0.0381663810557912
611,"Pooled",0.543098544311727,26.9455950083477,0.396,0.215067023547444,0.0172107237694816
612,"Pooled",0.567326072628274,26.5057142857143,0.396,0.224661124760796,0.0178823442918926
613,"Pooled",3.38590828532833,25.85,0.396,1.34081968099002,0.0447944945615362
614,"Pooled",1.0848944090344,26.4819405332394,0.396,0.429618185977624,0.0247509300343566
615,"Pooled",2.32331151917579,26.5340844539746,0.396,0.920031361593612,0.0361490766545116
616,"Pooled",4.29256635978402,26.19,0.396,1.69985627847447,0.0497818008853185
617,"Pooled",3.77671064288358,25.9858888065323,0.396,1.4955774145819,0.047061620049073
618,"Pooled",3.07758610937094,26.31,0.396,1.21872409931089,0.0419596494688893
619,"Pooled",1.9313648489433,26.1203685576992,0.396,0.764820480181548,0.0334811567311559
620,"Pooled",1.43583470636209,26.1465427748068,0.396,0.568590543719388,0.0288393550554201
621,"Pooled",7.81419237353754,25.8275,0.396,3.09442017992086,0.0681094341329945
622,"Pooled",3.17579074703639,26.4872127759652,0.396,1.25761313582641,0.0423386759385663
623,"Pooled",2.54000457008258,26.8151134355479,0.396,1.0058418097527,0.0374011713155381
624,"Pooled",2.39073988980007,26.5743163578731,0.396,0.946732996360827,0.0366143776013995
625,"Pooled",3.85554250971043,25.1675,0.396,1.52679483384533,0.0490964695265
626,"Pooled",2.18938118156252,26.4025,0.396,0.866994947898759,0.035266570774088
627,"Pooled",0.132279070715984,26.6311475409836,0.396,0.0523825120035295,0.00859415693490906
628,"Pooled",4.34391303815853,26.765691100986,0.396,1.72018956311078,0.0490015358908256
629,"Pooled",1.96079938816475,27.2949438202247,0.396,0.776476557713243,0.0322836008840238
630,"Pooled",0.899182686015204,26.608174884223,0.396,0.356076343662021,0.0224262404658754
631,"Pooled",7.34890707973654,25.6075,0.396,2.91016720357567,0.0666180305947554
632,"Pooled",3.68980798127121,26.6070460691218,0.396,1.4611639605834,0.0454310541868111
633,"Pooled",2.03367682085406,27.1863759156224,0.396,0.805336021058209,0.0330093706755636
634,"Pooled",4.738997741398,26.2507524469609,0.396,1.87664310559361,0.0521854084935986
635,"Pooled",3.52130169795651,26.8320917002223,0.396,1.39443547239078,0.0440093223636237
636,"Pooled",5.0430634059691,25.73,0.396,1.99705310876376,0.0549230973537574
637,"Pooled",2.75319954560101,26.7611784656329,0.396,1.090267020058,0.0390176585017105
638,"Pooled",0.388596102920895,27.541919237325,0.396,0.153884056756674,0.0142430373439356
639,"Pooled",0.472476854257682,27.1703296703297,0.396,0.187100834286042,0.0159199959921238
640,"Pooled",1.61801156659425,25.83,0.396,0.640732580371323,0.0309894592250517
641,"Pooled",2.75462982371738,26.5782014348262,0.396,1.09083341019208,0.0392964779156303
642,"Pooled",1.57555493282708,26.6016483516484,0.396,0.623919753399524,0.0296931190576429
643,"Pooled",0.681731386972938,27.4966719957338,0.396,0.269965629241283,0.0188961838007401
644,"Pooled",3.2917030114392,26.7875310850283,0.396,1.30351439252992,0.04262115625249
645,"Pooled",1.33353907402355,26.0755304397937,0.396,0.528081473313327,0.0278687387195208
646,"Pooled",1.3722168876654,26.4325489048314,0.396,0.543397887515497,0.0278881643065186
647,"Pooled",1.18307575323213,26.6305555555556,0.396,0.468497998279923,0.0257023979344627
648,"Pooled",4.26399829365916,25.985,0.396,1.68854332428903,0.0500072972611793
649,"Pooled",1.35469617760232,26.2676470588235,0.396,0.536459686330519,0.0278835055772734
650,"Pooled",1.02093199057896,27.2756122024511,0.396,0.404289068269269,0.0233115683083765
651,"Pooled",2.28774234789705,26.495,0.396,0.90594596976723,0.0359242098636177
652,"Pooled",4.87456810490221,26.1063386492723,0.396,1.93032896954128,0.0532193660434081
653,"Pooled",5.33468429825133,26.1725,0.396,2.11253498210753,0.0555337174337904
654,"Pooled",1.71460234437473,26.5625,0.396,0.678982528372394,0.0310213256049503
655,"Pooled",1.01572103822511,26.6858808589414,0.396,0.402225531137143,0.0237658457563746
656,"Pooled",4.08985498800466,26.1575,0.396,1.61958257524985,0.0486525170846858
657,"Pooled",1.84965763102993,26.4346590909091,0.396,0.732464421887853,0.0323757287839612
658,"Pooled",2.29223129193663,27.3951707568266,0.396,0.907723591606905,0.0347778555772056
659,"Pooled",5.35106954904446,25.5725,0.396,2.11902354142161,0.056923907399881
660,"Pooled",2.95310150678427,26.255,0.396,1.16942819668657,0.0411883844662718
661,"Pooled",5.21247280166484,26.315,0.396,2.06413922945928,0.054596665579594
662,"Pooled",3.37365030750985,25.965,0.396,1.3359655217739,0.0445152993431572
663,"Pooled",1.8572561629533,26.2787356321839,0.396,0.735473440529506,0.0326346553978795
664,"Pooled",0.269948421853567,26.9830814996908,0.396,0.106899575054013,0.0121170372863419
665,"Pooled",2.46710303371649,26.0025,0.396,0.976972801351728,0.0380124736040561
666,"Pooled",2.24237132222362,26.0415185158789,0.396,0.887979043600553,0.0361855396082527
667,"Pooled",8.59103706401616,25.1025,0.396,3.4020506773504,0.0734773379387577
668,"Pooled",1.45263967770784,26.9133057457092,0.396,0.575245312372303,0.0281812010947643
669,"Pooled",1.68209226654776,26.9371221029089,0.396,0.666108537552911,0.0302985123414572
670,"Pooled",5.93306838469789,26.12,0.396,2.34949508034036,0.0586832418144798
671,"Pooled",5.17821150014619,25.4610359364267,0.396,2.05057175405789,0.0562420854030086
672,"Pooled",3.63459090081185,26.135,0.396,1.43929799672149,0.0459042457614881
673,"Pooled",4.12525743256387,26.8210597217878,0.396,1.63360194329529,0.0476537615651807
674,"Pooled",5.13363211803541,26.0425,0.396,2.03291831874202,0.0547491387608093
675,"Pooled",1.29882286961522,26.1820809248555,0.396,0.514333856367629,0.0273916627305689
676,"Pooled",3.83431269118648,26.0625,0.396,1.51838782570985,0.0472797622684998
677,"Pooled",1.93222236648249,26.3191712492457,0.396,0.765160057127065,0.033235631537443
678,"Pooled",5.65321138747883,25.7175,0.396,2.23867170944162,0.0581790274394929
679,"Pooled",1.77187851294803,26.758194770218,0.396,0.70166389112742,0.0313045707555895
680,"Pooled",6.14930986228224,25.42,0.396,2.43512670546377,0.0613882475198245
681,"Pooled",3.34204790359556,26.44,0.396,1.32345096982384,0.0435103400468963
682,"Pooled",2.47004589993225,25.8,0.396,0.978138176373172,0.0383336699096607
683,"Pooled",2.47479806482728,25.7380069413849,0.396,0.980020033671602,0.038462947593267
684,"Pooled",3.2831454981426,26.0825,0.396,1.30012561726447,0.0437163044410254
685,"Pooled",3.69535716758858,25.4525,0.396,1.46336143836508,0.0475275423138739
686,"Pooled",5.401276427351,26.175,0.396,2.13890546523099,0.0558739152513039
687,"Pooled",0.830722996012143,26.5240254352401,0.396,0.328966306420809,0.0216240119963911
688,"Pooled",2.51776656242778,26.4509991231691,0.396,0.9970355587214,0.0377496772273467
689,"Pooled",2.58530220923447,26.2098350603863,0.396,1.02377967485685,0.038604591715916
690,"Pooled",3.75768991254846,25.8325,0.396,1.48804520536919,0.0472217007141419
691,"Pooled",2.59451488130044,26.9171315422901,0.396,1.02742789299497,0.0376571023794463
692,"Pooled",2.01358291034939,25.9717724732577,0.396,0.797378832498359,0.0343819703695723
693,"Pooled",2.11542010454817,27.0416924097018,0.396,0.837706361401074,0.0338463653588114
694,"Pooled",1.48668062729494,25.9578329780073,0.396,0.588725528408798,0.0295588817677877
695,"Pooled",4.33439810725196,25.9275343397719,0.396,1.71642165047177,0.0505301716867806
696,"Pooled",2.99803577822478,26.8900439997212,0.396,1.18722216817701,0.0405204710879671
697,"Pooled",0.0773209942527738,26.143989061346,0.396,0.0306191137240984,0.00669305593917057
698,"Pooled",1.58661404247724,26.45,0.396,0.628299160820987,0.029967986435644
699,"Pooled",7.15822380376875,25.7175,0.396,2.83465662629242,0.0654668554002766
700,"Pooled",5.98829384924467,26.9831456599322,0.396,2.37136436430089,0.0570698284184531
701,"Pooled",3.79768658246358,25.97161928828,0.396,1.50388388665558,0.0472180584051509
702,"Pooled",0.842238079630247,26.9593015982925,0.396,0.333526279533578,0.0214218213042925
703,"Pooled",2.86497709498534,26.4716483754809,0.396,1.13453092961419,0.0402371474618721
704,"Pooled",2.38316169946049,26.7292808469907,0.396,0.943732032986354,0.0363443640534379
705,"Pooled",1.68626618764493,26.7401045185327,0.396,0.66776141030739,0.0305595924728737
706,"Pooled",5.92351165498097,25.3375,0.396,2.34571061537246,0.0604468195236362
707,"Pooled",3.38264357659234,26.5661255627381,0.396,1.33952685633056,0.0435659803897297
708,"Pooled",1.92506366903256,27.0062273630839,0.396,0.762325212936894,0.03233003853418
709,"Pooled",2.94519323981876,25.785,0.396,1.16629652296823,0.0418829588095494
710,"Pooled",1.79117790246926,26.1025,0.396,0.709306449377829,0.0322652362872083
711,"Pooled",1.49562207904346,26.2875,0.396,0.592266343301209,0.0292758316543938
712,"Pooled",8.15100854793778,25.96,0.396,3.22779938498336,0.0692067697909289
713,"Pooled",4.93756010692709,26.2625,0.396,1.95527380234313,0.0532436384008003
714,"Pooled",2.19443191428461,26.6696105770146,0.396,0.868995038056706,0.034953604995738
715,"Pooled",0.80529987781742,26.1187290042847,0.396,0.318898751615698,0.0216209299739825
716,"Pooled",1.63582266759301,26.092508708579,0.396,0.647785776366832,0.030846071919192
717,"Pooled",5.40884023292759,25.5349131109592,0.396,2.14190073223933,0.0573146025673566
718,"Pooled",0.536658363110301,26.7233407996044,0.396,0.212516711791679,0.0172506630981632
719,"Pooled",1.43297987195603,27.0448039515544,0.396,0.56746002929459,0.0278537581584708
720,"Pooled",3.60027328324998,26.3258205268167,0.396,1.42570822016699,0.0453558604698267
721,"Pooled",4.31607879149393,26.2075,0.396,1.7091672014316,0.04988462141721
722,"Pooled",0.100596367590265,26.6045197740113,0.396,0.0398361615657449,0.00750210811268899
723,"Pooled",5.60192774449591,26.3004025354233,0.396,2.21836338682038,0.0566309632671024
724,"Pooled",2.00401358384399,25.765,0.396,0.793589379202222,0.0345754448645112
725,"Pooled",5.19587578229715,25.8325,0.396,2.05756680978967,0.055527808652579
726,"Pooled",6.71903099252528,25.5575,0.396,2.66073627304001,0.0638237834841221
727,"Pooled",8.05851532375444,26.5,0.396,3.19117206820676,0.0674107621102375
728,"Pooled",4.07728775465455,25.6875,0.396,1.6146059508432,0.0494665287275379
729,"Pooled",5.29437132968276,26.4243221232658,0.396,2.09657104655437,0.0547962624425605
730,"Pooled",3.67959913719065,26.0861748385449,0.396,1.4571212583275,0.0462740430619269
731,"Pooled",1.11291753832734,26.6746103401291,0.396,0.440715345177625,0.0248874844782901
732,"Pooled",1.66108519467779,26.6888759560012,0.396,0.657789737092405,0.0303887798877469
733,"Pooled",0.591554755070483,26.6303074512518,0.396,0.234255683007911,0.0181747684819152
734,"Pooled",1.12397955391379,27.4823282792491,0.396,0.445095903349862,0.024275784611647
735,"Pooled",0.170418001570761,26.2278106508876,0.396,0.0674855286220214,0.00990474473528998
736,"Pooled",2.61488263146497,26.6675,0.396,1.03549352206013,0.0381585083499098
737,"Pooled",2.63431306110301,25.8536645327444,0.396,1.04318797219679,0.0395056467685515
738,"Pooled",1.95348051145324,26.2926582042224,0.396,0.773578282535482,0.0334516572773473
739,"Pooled",4.84504562464375,25.9775,0.396,1.91863806735892,0.0533211091815294
740,"Pooled",2.84374448589529,25.5325,0.396,1.12612281641453,0.0415622967007215
741,"Pooled",1.28044731924623,26.1217933470898,0.396,0.507057138421509,0.0272599755018582
742,"Pooled",2.46340227524809,26.5261072629562,0.396,0.975507300998245,0.0372341754316147
743,"Pooled",0.445849411419249,26.5854276127315,0.396,0.176556366922023,0.015805128884293
744,"Pooled",5.21045450785176,25.56,0.396,2.0633399851093,0.0561984771965015
745,"Pooled",2.58975562514454,26.215,0.396,1.02554322755724,0.0386302148387368
746,"Pooled",6.05075336742535,25.455,0.396,2.39609833350044,0.0608105900147971
747,"Pooled",3.25351661436804,26.7375,0.396,1.28839257928974,0.042452503827021
748,"Pooled",3.95033219495416,26.0487712265112,0.396,1.56433154920185,0.0480150251325829
749,"Pooled",1.06386318477515,26.6396359078391,0.396,0.421289821170961,0.0243647633883501
750,"Pooled",0.597751826034555,26.5816202728142,0.396,0.236709723109684,0.0183031820353544
751,"Pooled",3.60013912858255,26.358884681225,0.396,1.42565509491869,0.0452981228382855
752,"Pooled",0.54149543576867,26.3551136363636,0.396,0.214432192564393,0.0175703373497416
753,"Pooled",4.17584482734013,26.6715738207426,0.396,1.65363455162669,0.0482137737945776
754,"Pooled",0.71406389271751,26.9558453559231,0.396,0.282769301516134,0.0197270966955364
755,"Pooled",4.21295311614233,26.185,0.396,1.66832943399236,0.0493274116941721
756,"Pooled",0.47491968657714,26.1138888888889,0.396,0.188068195884547,0.0166068065743911
757,"Pooled",1.6007953604867,25.8375,0.396,0.633914962752735,0.030815201491145
758,"Pooled",2.13563891949422,26.9803646016279,0.396,0.845713012119711,0.0340850309033449
759,"Pooled",5.54151431772823,25.78,0.396,2.19443966982038,0.0574617581325391
760,"Pooled",8.74108271322569,25.7875,0.396,3.46146875443737,0.0721474468453044
761,"Pooled",2.24507566371804,26.1614101597191,0.396,0.889049962832344,0.0360414233909552
762,"Pooled",3.69035156632285,26.01,0.396,1.46137922026385,0.046477323646371
763,"Pooled",1.17725075406984,26.075,0.396,0.466191298611658,0.0261853126989001
764,"Pooled",4.65374116152611,26.045,0.396,1.84288149996434,0.0521223926317661
765,"Pooled",1.96095018017429,26.2624248422679,0.396,0.77653627134902,0.0335541352289155
766,"Pooled",3.32928690322628,27.4126876800394,0.396,1.31839761367761,0.0418862601803433
767,"Pooled",3.93011683013879,25.7959687771996,0.396,1.55632626473496,0.0483613572522644
768,"Pooled",2.12847197174415,26.4802669004004,0.396,0.842874900810685,0.0346704279740919
769,"Pooled",1.72986864838984,26.7791390634392,0.396,0.685027984762377,0.0309070493992427
770,"Pooled",3.03323915740123,26.4007502917131,0.396,1.20116270633089,0.0415130507586024
771,"Pooled",1.67617387781385,26.15,0.396,0.663764855614285,0.0311555508192466
772,"Pooled",0.122906713948048,26.9942196531792,0.396,0.0486710587234269,0.00817268234738198
773,"Pooled",5.19354415710286,26.065,0.396,2.05664348621273,0.055020150997968
774,"Pooled",0.412486773724468,26.6272189349112,0.396,0.163344762394889,0.0151784280953253
775,"Pooled",4.58660054520602,25.9684436999109,0.396,1.81629381590158,0.0518975826460634
776,"Pooled",2.72061111829584,26.5347738751051,0.396,1.07736200284515,0.0391169906503781
777,"Pooled",2.57373448194403,26.0775,0.396,1.01919885484984,0.0387135956273987
778,"Pooled",3.44288545298104,25.6775,0.396,1.36338263938049,0.0454732654250791
779,"Pooled",2.13286213040736,26.2964071856287,0.396,0.844613403641316,0.0349488241606753
780,"Pooled",1.66792411881251,25.6416177327983,0.396,0.660497951049755,0.0316949678774101
781,"Pooled",0.314997553771726,26.5201149425287,0.396,0.124739031293603,0.0133175943258272
782,"Pooled",3.90614382307363,26.5088855765047,0.396,1.54683295393716,0.0469170003214879
783,"Pooled",8.49946322739154,26.04,0.396,3.36578743804705,0.0704534658959022
784,"Pooled",1.33237277116778,26.8576558866514,0.396,0.52761961738244,0.0270453348094308
785,"Pooled",2.22151576596291,26.5845784214467,0.396,0.879720243321313,0.0352811323328943
786,"Pooled",5.82555304211434,26.2569711329635,0.396,2.30691900467728,0.0578457620426166
787,"Pooled",1.78447217472734,26.7055736483915,0.396,0.706650981192027,0.031477524592219
788,"Pooled",6.60754160376633,26.08,0.396,2.61658647509147,0.0620240268628728
789,"Pooled",3.16155848167937,26.7275,0.396,1.25197715874503,0.041863917375429
790,"Pooled",1.40022992775466,26.3219531368309,0.396,0.554491051390845,0.0282897532386631
791,"Pooled",1.68243060445042,26.6571428571429,0.396,0.666242519362366,0.0306198157791561
792,"Pooled",5.77770085504507,26.5989201632607,0.396,2.28796953859785,0.0568671041399018
793,"Pooled",3.82672283546801,26.2,0.396,1.51538224284533,0.0469850621472471
794,"Pooled",5.9460365353943,25.55,0.396,2.35463046801614,0.0600579460106614
795,"Pooled",1.82202258553734,25.845,0.396,0.721520943872785,0.0328660820040138
796,"Pooled",1.60912986443796,26.3760383496925,0.396,0.637215426317433,0.0302645049914538
797,"Pooled",4.81050872310394,25.85,0.396,1.90496145434916,0.0533927818374307
798,"Pooled",2.80906814957903,26.0092055040852,0.396,1.1123909872333,0.0405510071058227
799,"Pooled",3.2573129438087,26.19,0.396,1.28989592574825,0.0433652482665633
800,"Pooled",3.3516636449711,26.1162761209458,0.396,1.32725880340856,0.0441129961134154
801,"Pooled",3.23078679387105,26.0475,0.396,1.27939157037294,0.0434245869081714
802,"Pooled",3.81120860475614,26.5304974030835,0.396,1.50923860748343,0.0463056047836051
803,"Pooled",5.69179554195879,26.3510090552661,0.396,2.25395103461568,0.0569737739728978
804,"Pooled",2.59031299369626,26.410395550308,0.396,1.02576394550372,0.0383485378004252
805,"Pooled",2.18886229790503,26.5137246494149,0.396,0.866789469970392,0.03511446626907
806,"Pooled",5.28474445387727,26.1775,0.396,2.0927588037354,0.0552626135819101
807,"Pooled",3.21646271191845,25.4526720807714,0.396,1.27371923391971,0.0443407945630769
808,"Pooled",6.38900137720448,25.37,0.396,2.53004454537298,0.0626965461062307
809,"Pooled",5.2430501809225,25.6575,0.396,2.07624787164531,0.0561597625083694
810,"Pooled",0.855410336268922,26.1260980775291,0.396,0.338742493162493,0.0222771837437289
811,"Pooled",3.67250553332391,26.5603583912235,0.396,1.45431219119627,0.0454040811797278
812,"Pooled",0.334569908563303,26.5565476190476,0.396,0.132489683791068,0.0137062742118014
813,"Pooled",3.78919810749902,26.06,0.396,1.50052245056961,0.0470053009353227
814,"Pooled",8.77108447635239,25.855,0.396,3.47334945263555,0.072082476285632
815,"Pooled",0.040092119547733,26.5938222502329,0.396,0.0158764793409023,0.00473801399988588
816,"Pooled",1.30101455496357,27.1211475317318,0.396,0.515201763765573,0.0264655308405133
817,"Pooled",1.02257031199976,26.7811166487826,0.396,0.404937843551907,0.0237610430820205
818,"Pooled",5.68720697938489,26.7081082335309,0.396,2.25213396383642,0.0561893466799471
819,"Pooled",2.94508473392562,26.6618084806494,0.396,1.16625355463455,0.0405048367171067
820,"Pooled",8.46222196234072,25.895,0.396,3.35103989708693,0.0706925884520561
821,"Pooled",1.20717135603,26.842839922568,0.396,0.478039856987879,0.0257574931157904
822,"Pooled",1.21250969282695,27.2180897611516,0.396,0.480153838359472,0.0254584852753028
823,"Pooled",3.28639881196471,26.3435180099129,0.396,1.30141392953803,0.0433045922448268
824,"Pooled",4.76478075713884,26.9739691621914,0.396,1.88685317982698,0.0509241979187438
825,"Pooled",1.55556660457585,26.888784970523,0.396,0.616004375412036,0.029189101071877
826,"Pooled",1.30703475323227,27.3188294035446,0.396,0.51758576227998,0.0263347423970992
827,"Pooled",1.10084269337775,25.832605932403,0.396,0.435933706577589,0.0255588910132205
828,"Pooled",2.53065482807548,26.4475,0.396,1.00213931191789,0.0378511800543765
829,"Pooled",1.88538260446206,26.1244996019533,0.396,0.746611511366974,0.0330749624848525
830,"Pooled",1.16289562318926,26.4993655833195,0.396,0.460506666782946,0.0256084023253371
831,"Pooled",1.49572268305248,25.9739062240678,0.396,0.592306182488783,0.029630287449943
832,"Pooled",0.649235478236045,27.1106273577902,0.396,0.257097249381474,0.0187029084311489
833,"Pooled",1.06730305016674,26.2209944751381,0.396,0.422652007866027,0.0247937552188868
834,"Pooled",3.76746423046863,26.7405826568986,0.396,1.49191583526558,0.0456773916204537
835,"Pooled",1.5818449609323,26.17089543333,0.396,0.62641060452919,0.0302420319884844
836,"Pooled",2.61461350942812,26.5392846135065,0.396,1.03538694973353,0.0383408848405101
837,"Pooled",2.06326002469855,27.20011150333,0.396,0.817050969780625,0.0332318019175938
838,"Pooled",3.42039823599446,26.5679099398335,0.396,1.3544777014538,0.0438054896775495
839,"Pooled",4.12297174652865,25.75,0.396,1.63269681162534,0.0496221456286408
840,"Pooled",1.96933341305858,26.8525,0.396,0.779856031571196,0.0328868662805569
841,"Pooled",2.18586266125588,26.6847063768133,0.396,0.86560161385733,0.0348655564031755
842,"Pooled",4.06756034892347,26.2285408618449,0.396,1.6107538981737,0.0483883111705982
843,"Pooled",3.54286636887141,25.525,0.396,1.40297508207308,0.0464044070933584
844,"Pooled",3.25957667291643,26.2725000512017,0.396,1.29079236247491,0.043244092930931
845,"Pooled",11.5337315124517,25.4175,0.396,4.56735767893088,0.0840813506621103
846,"Pooled",4.82181953152646,26.0225,0.396,1.90944053448448,0.0531011652902134
847,"Pooled",1.05318112153895,26.8340886326871,0.396,0.417059724129425,0.0240664634614853
848,"Pooled",2.81824157206825,25.9925,0.396,1.11602366253903,0.040643270603292
849,"Pooled",6.13855208151913,26.385,0.396,2.43086662428158,0.0590912894410023
850,"Pooled",0.88778270795855,27.3554795733774,0.396,0.351561952351586,0.0216748749687701
851,"Pooled",3.9434110282812,25.8875,0.396,1.56159076719935,0.0482718012150755
852,"Pooled",3.23528627912195,26.4903297397235,0.396,1.28117336653229,0.0427283956779339
853,"Pooled",1.39019654733788,27.0827239831435,0.396,0.550517832745799,0.0273963907692606
854,"Pooled",2.05313479747292,26.9662921348315,0.396,0.813041379799276,0.0334375993492555
855,"Pooled",4.55346922459965,26.0461781164344,0.396,1.80317381294146,0.0515554746578268
856,"Pooled",7.22896770794081,26.0725,0.396,2.86267121234456,0.0648937780685975
857,"Pooled",1.93608617289112,26.7995180383426,0.396,0.766690124464882,0.0326725439525606
858,"Pooled",1.36638215089947,26.215115952196,0.396,0.54108733175619,0.0280596274177399
859,"Pooled",4.25090714797931,25.7575,0.396,1.68335923059981,0.0503714779729479
860,"Pooled",0.712878573727891,27.4296982605954,0.396,0.282299915196245,0.0193702106490089
861,"Pooled",4.83464957963208,25.5025,0.396,1.9145212335343,0.0542559456579123
862,"Pooled",8.59989685197107,25.675,0.396,3.40555915338054,0.0718759771330007
863,"Pooled",1.80018171838264,26.9672808508311,0.396,0.712871960479526,0.0313089575883195
864,"Pooled",1.92708083800837,25.77,0.396,0.763124011851315,0.0338987076019434
865,"Pooled",1.91245838304645,26.4796511627907,0.396,0.757333519686395,0.0328648254552031
866,"Pooled",1.88541995981778,26.5560121914828,0.396,0.746626304087839,0.0325378448366952
867,"Pooled",2.87270703085601,25.7,0.396,1.13759198421898,0.0415011506762769
868,"Pooled",1.07316950698034,26.8701657458563,0.396,0.424975124764213,0.0242611514931456
869,"Pooled",1.74351008301347,26.5147758222001,0.396,0.690429992873335,0.0313380424879732
870,"Pooled",4.85847603287165,26.1625,0.396,1.92395650901717,0.0530173948792578
871,"Pooled",1.9689953833293,26.4849845688487,0.396,0.779722171798403,0.0333403548370052
872,"Pooled",2.17715542806372,26.9177391447506,0.396,0.862153549513234,0.0344948078533158
873,"Pooled",4.96848910428806,25.7325,0.396,1.96752168529807,0.0545102008690642
874,"Pooled",0.824729616965033,26.2924467341082,0.396,0.326592928318153,0.021735637659391
875,"Pooled",4.71417227944457,25.875,0.396,1.86681222266005,0.0528043814156052
876,"Pooled",5.28947485939819,25.7,0.396,2.09463204432168,0.0563145668813786
877,"Pooled",0.380473613133385,26.6973136811208,0.396,0.15066755080082,0.014539259902042
878,"Pooled",3.26467762453926,25.945,0.396,1.29281233931755,0.0438242073026464
879,"Pooled",5.14367118815889,26.28,0.396,2.03689379051092,0.0543073774978184
880,"Pooled",3.51676152873575,26.2908449861941,0.396,1.39263756537936,0.0448863724092062
881,"Pooled",3.65819648077233,26.7036818740796,0.396,1.44864580638584,0.0450723250042658
882,"Pooled",3.41647502178654,26.41,0.396,1.35292410862747,0.0440421302237817
883,"Pooled",3.54901303486621,26.09051939246,0.396,1.40540916180702,0.0454379433083656
884,"Pooled",2.47747119717847,26.1875,0.396,0.981078594082674,0.0378231643389875
885,"Pooled",3.78605702537721,26.0875,0.396,1.49927858204937,0.0469362843632505
886,"Pooled",2.17553510202939,26.9726721298234,0.396,0.86151190040364,0.0344117427148039
887,"Pooled",3.84114694021229,25.7625,0.396,1.52109418832407,0.0478729344095064
888,"Pooled",2.43422461735625,26.6563722870403,0.396,0.963952948473073,0.0368321332254479
889,"Pooled",1.16756672910783,26.3911764705882,0.396,0.462356424726701,0.025764973356181
890,"Pooled",0.265438928870227,26.738428371438,0.396,0.10511381583261,0.0121253427648453
891,"Pooled",3.25139462061379,25.8636415795448,0.396,1.28755226976306,0.0438725382455131
892,"Pooled",3.37082391262121,25.8475,0.396,1.334846269398,0.0446989253574277
893,"Pooled",1.34750909714222,26.3455505631885,0.396,0.53361360246832,0.0277272097064232
894,"Pooled",0.846188049655177,27.0350192440963,0.396,0.33509046766345,0.0214118579607937
895,"Pooled",4.4542269615229,25.89,0.396,1.76387387676307,0.0512981512500237
896,"Pooled",3.05451544184744,26.2230285144099,0.396,1.20958811497159,0.0419407225596755
897,"Pooled",6.28149298336254,26.08,0.396,2.48747122141157,0.0604743829028561
898,"Pooled",3.79634593194153,26.0025,0.396,1.50335298904885,0.0471536567381922
899,"Pooled",4.14745969804961,26.6825,0.396,1.64239404042765,0.048029953054045
900,"Pooled",0.644154824299536,26.517220129387,0.396,0.255085310422616,0.0190464802605777
901,"Pooled",2.12651808847962,26.7154525634564,0.396,0.842101163037928,0.0343494350057804
902,"Pooled",1.67316836098982,25.9971678356884,0.396,0.662574670951967,0.031310599049035
903,"Pooled",3.44982017728149,25.8615960789272,0.396,1.36612879020347,0.0451950111187958
904,"Pooled",4.31549747577619,26.165,0.396,1.70893700040737,0.0499622844190334
905,"Pooled",5.17477284006595,25.4875,0.396,2.04921004466611,0.0561650305199841
906,"Pooled",1.39393835669886,26.7864348504248,0.396,0.55199958925275,0.0277366791275259
907,"Pooled",3.83933283483184,26.6563040759759,0.396,1.52037580259341,0.0462567952307713
908,"Pooled",4.34736306958265,26.7184940321845,0.396,1.72155577555473,0.0491075845474186
909,"Pooled",1.06987853243474,26.7338342434095,0.396,0.423671898844156,0.0243474553813485
910,"Pooled",3.22714675061264,26.3141397778028,0.396,1.2779501132426,0.0429603462598669
911,"Pooled",0.652843689232395,26.6096256684492,0.396,0.258526100936028,0.0191079208203201
912,"Pooled",1.08593601544467,27.271676300578,0.396,0.430030662116089,0.0240457251116561
913,"Pooled",2.78416732631311,26.3825,0.396,1.10253026121999,0.0397996554536484
914,"Pooled",0.957600292308805,26.7232142857143,0.396,0.379209715754287,0.0230436374503808
915,"Pooled",2.01802881721006,26.2805263662553,0.396,0.799139411615185,0.0340155279068609
916,"Pooled",6.73075103887292,25.6275,0.396,2.66537741139368,0.0637049404715737
917,"Pooled",6.61938623082174,25.985,0.396,2.62127694740541,0.0623065540867486
918,"Pooled",3.95279164050986,26.0175,0.396,1.5653054896419,0.0480876983791319
919,"Pooled",1.94867521744627,25.704498870678,0.396,0.771675386108725,0.0341749731933737
920,"Pooled",2.33233714088929,26.0933239835699,0.396,0.923605507792159,0.0368310288207709
921,"Pooled",2.76814365576186,26.5690607734807,0.396,1.0961848876817,0.0394063039678654
922,"Pooled",3.0222235968974,25.6625,0.396,1.19680054437137,0.0426296656715642
923,"Pooled",4.20846187201374,25.5425,0.396,1.66655090131744,0.0505412395901048
924,"Pooled",2.64821229507081,26.7016374972258,0.396,1.04869206884804,0.0383518303991786
925,"Pooled",1.5278887375451,25.8925,0.396,0.605043940067858,0.0300413519180368
926,"Pooled",5.22691089612659,25.665,0.396,2.06985671486613,0.0560568736063068
927,"Pooled",2.84292821058753,25.7013710383751,0.396,1.12579957139266,0.0412832850362799
928,"Pooled",0.725312725474393,26.7323543504448,0.396,0.28722383928786,0.0200480913371759
929,"Pooled",0.83754138530745,26.4599078341507,0.396,0.33166638858175,0.0217651870501257
930,"Pooled",0.69711201114734,26.6457142857143,0.396,0.276056356414347,0.0197183925862033
931,"Pooled",4.33691156675952,25.9504410908012,0.396,1.71741698043677,0.0505002039580325
932,"Pooled",2.85331295489631,26.3819006266823,0.396,1.12991193013894,0.0402917580097749
933,"Pooled",3.23982220434057,26.2175,0.396,1.28296959291887,0.0432032984324944
934,"Pooled",5.45734459273539,25.7026608158744,0.396,2.16110845872322,0.0571952807979226
935,"Pooled",1.75002116191794,26.4157643313296,0.396,0.693008380119505,0.0315141836663504
936,"Pooled",3.05546531363925,25.5870330606435,0.396,1.20996426420114,0.0429898907672521
937,"Pooled",5.0932135698995,25.72,0.396,2.0169125736802,0.0552169701485935
938,"Pooled",6.91299411167707,25.4868338231213,0.396,2.73754566822412,0.0649179503068727
939,"Pooled",0.454592144680833,26.4047829686726,0.396,0.18001848929361,0.0160685228315367
940,"Pooled",1.76723142893038,25.980722724089,0.396,0.699823645856432,0.0321990514667538
941,"Pooled",0.911173017073741,27.2692558975645,0.396,0.360824514761201,0.0220279829021978
942,"Pooled",6.93132933075421,25.8325,0.396,2.74480641497867,0.0641341616310313
943,"Pooled",4.16771233469192,26.3825,0.396,1.650414084538,0.0486945676089458
944,"Pooled",3.86223935464233,25.6275,0.396,1.52944678443836,0.0482570692939422
945,"Pooled",3.49713561884536,26.0075,0.396,1.38486570506276,0.045248607969213
946,"Pooled",1.33149432796669,25.6878612716763,0.396,0.527271753874808,0.0282676240160001
947,"Pooled",1.44815626440961,26.9416663048314,0.396,0.573469880706204,0.0281080588315306
948,"Pooled",3.97890190690176,25.36,0.396,1.5756451551331,0.0494971234007137
949,"Pooled",1.0555742449091,26.6969895334945,0.396,0.418007400984003,0.024217521522431
950,"Pooled",3.60936757639424,25.9587150507465,0.396,1.42930956025212,0.0460553363198807
951,"Pooled",5.51090482499386,25.7225,0.396,2.18231831069757,0.0574309330927173
952,"Pooled",2.78082198537836,25.843487290659,0.396,1.10120550620983,0.0406053324589639
953,"Pooled",1.22203612625809,26.7484467043885,0.396,0.483926305998204,0.0260070473276036
954,"Pooled",3.51413762154203,26.25,0.396,1.39159849813064,0.0449394412067163
955,"Pooled",2.68793230583741,25.6927697570693,0.396,1.06442119311162,0.0401555733700953
956,"Pooled",3.112397338116,26.2035526964796,0.396,1.23250934589394,0.0423677043944821
957,"Pooled",0.77912311033087,26.4632768361582,0.396,0.308532751691024,0.0209897379315621
958,"Pooled",4.69774591839797,25.8275,0.396,1.8603073836856,0.052809248180034
959,"Pooled",3.3387454705501,26.0662186447043,0.396,1.32214320633784,0.0441124536523492
960,"Pooled",4.40194859934602,26.4283930478246,0.396,1.74317164534102,0.049957341528815
961,"Pooled",1.2676711033962,26.8770299536926,0.396,0.501997756944894,0.0263614693163231
962,"Pooled",2.42428142239318,26.085,0.396,0.960015443267698,0.037561961968224
963,"Pooled",1.396555445162,27.6136363636364,0.396,0.553035956284152,0.0269310373829198
964,"Pooled",2.95073339299659,26.3125,0.396,1.16849042362665,0.0410818947453156
965,"Pooled",3.58429671835,25.9125,0.396,1.4193815004666,0.0459769603039809
966,"Pooled",3.86101777193291,26.4331976479031,0.396,1.52896303768543,0.0467787691045583
967,"Pooled",1.3692050247332,26.7760718079552,0.396,0.542205189794348,0.027500144196263
968,"Pooled",1.82291012621785,26.1456187058394,0.396,0.721872409982269,0.0324961041754945
969,"Pooled",4.24821762248119,25.8725,0.396,1.68229417850255,0.0501317165455194
970,"Pooled",3.5899570903017,26.3983028222796,0.396,1.42162300775947,0.0451664768473302
971,"Pooled",4.00804374800206,26.3435128467446,0.396,1.58718532420882,0.0478233651942004
972,"Pooled",5.1223454337682,25.995,0.396,2.02844879177221,0.0547888522206005
973,"Pooled",0.850338823031737,26.7332274784673,0.396,0.336734173920568,0.0217066199704194
974,"Pooled",0.258479365714088,27.1696425582887,0.396,0.102357828822779,0.0117754254611091
975,"Pooled",0.918082761468499,26.6017640617293,0.396,0.363560773541526,0.0226661663678865
976,"Pooled",3.44186207502119,26.6210105640252,0.396,1.36297738170839,0.0438550677906567
977,"Pooled",2.87438836367584,26.4739438538189,0.396,1.13825779201563,0.0402996869489806
978,"Pooled",1.85483453926317,27.2070486705544,0.396,0.734514477548217,0.0315005942441507
979,"Pooled",0.577096936710117,26.796511627907,0.396,0.228530386937206,0.017839953426643
980,"Pooled",2.72750246076275,26.4560088623996,0.396,1.08009097446205,0.0392831080127561
981,"Pooled",6.93174704631326,25.78,0.396,2.74497183034005,0.0642667048623874
982,"Pooled",1.96309461158131,26.1776799510126,0.396,0.777385466186199,0.0336811611081638
983,"Pooled",3.15152356274614,25.9402316754496,0.396,1.24800333084747,0.0430659489965616
984,"Pooled",3.43674966592577,25.7960303638912,0.396,1.3609528677066,0.0452239677825178
985,"Pooled",2.7439126251365,26.2843828191947,0.396,1.08658939955405,0.0396583780175419
986,"Pooled",4.50139925973566,25.91,0.396,1.78255410685532,0.0515292649673741
987,"Pooled",1.7300775437496,26.1725,0.396,0.685110707324842,0.0316253375069685
988,"Pooled",4.19383526485325,25.8775,0.396,1.66075876488189,0.0498001853700297
989,"Pooled",4.11807782437399,26.4843912840452,0.396,1.6307588184521,0.0482175203291352
990,"Pooled",2.75860702802739,26.4838932035363,0.396,1.09240838309885,0.0394648706955449
991,"Pooled",0.772062593376259,26.9153056496907,0.396,0.305736786976999,0.0205435045500672
992,"Pooled",3.17123011752859,26.0225,0.396,1.25580712654132,0.0430638103727287
993,"Pooled",2.6982669655651,25.7663990846941,0.396,1.06851371836378,0.0401177273115214
994,"Pooled",3.3337829052826,25.71,0.396,1.32017803049191,0.0446903930191441
995,"Pooled",2.77714415291371,27.3005156537528,0.396,1.09974908455383,0.0384127990622143
996,"Pooled",2.87193615699213,26.1281768248206,0.396,1.13728671816888,0.0408155710512477
997,"Pooled",4.72078934863252,26.285,0.396,1.86943258205848,0.0520171941727373
998,"Pooled",1.71809583834866,26.3013588234999,0.396,0.680365951986071,0.031361230870144
999,"Pooled",0.74207665254968,26.58871372365,0.396,0.293862354409673,0.0203880011230041
1000,"Pooled",2.68534556999336,26.608753244737,0.396,1.06339684571737,0.0387545909885262
